date,tr_mean,tr_min,tr_max,tr_std,pr_mean,pr_min,pr_max,pr_std,lf_mean,lf_min,lf_max,lf_std,pos_mean,pos_min,pos_max,pos_std,tags_mean,tags_min,tags_max,tags_std
2021-01-19 17:05:13.086852,88.28,87.53,89.29,0.38,60.37,58.91,61.74,0.51,90.98,90.27,91.64,0.31,68.7,67.81,69.96,0.47,,,,
2021-01-20 17:00:02.233080,74.36,73.13,75.06,0.39,48.18,47.09,49.43,0.46,80.52,79.68,81.41,0.37,67.03,65.69,68.13,0.49,,,,
2021-01-21 17:00:02.957233,71.17,70.03,72.64,0.48,42.35,41.16,43.63,0.49,78.32,77.08,79.34,0.43,61.44,60.09,62.49,0.49,,,,
2021-01-22 17:00:02.537633,78.05,77.14,79.11,0.38,43.51,42.67,44.46,0.44,83.47,82.34,84.33,0.38,56.72,55.42,58.1,0.47,,,,
2021-01-23 17:00:02.382253,81.03,80.37,81.8,0.35,65.99,65.05,67.25,0.49,85.51,84.85,86.36,0.37,82.38,81.54,83.23,0.36,,,,
2021-01-24 17:00:02.578714,89.72,88.92,90.58,0.31,60.58,58.6,62.15,0.67,91.95,91.18,92.59,0.28,67.17,64.86,68.57,0.64,,,,
2021-01-25 17:00:02.430069,88.87,88.23,89.64,0.34,48.68,47.63,50.21,0.52,91.45,90.83,92.06,0.31,54.49,53.35,55.79,0.51,,,,
2021-01-26 17:00:02.231054,83.11,81.98,84.02,0.39,55.7,54.65,57.32,0.47,87.16,85.99,88.09,0.34,67.98,66.76,69.15,0.48,,,,
2021-01-27 17:00:02.292103,84.28,83.34,85.23,0.43,72.36,71.09,73.5,0.52,88.36,87.27,89.15,0.38,87.1,86.12,88.03,0.36,,,,
2021-01-28 17:00:02.964221,77.65,76.71,78.43,0.39,68.66,67.65,69.79,0.47,83.59,82.72,84.37,0.36,90.91,90.24,91.8,0.28,,,,
2021-01-29 17:00:02.974443,60.22,59.18,61.45,0.48,27.21,26.2,28.15,0.44,70.8,69.83,72.05,0.46,50.93,49.61,52.31,0.52,,,,
2021-01-30 17:00:02.765151,71.72,70.18,73.11,0.57,31.97,30.74,33.42,0.51,79.78,78.8,80.8,0.46,50.48,49.3,51.93,0.52,,,,
2021-01-31 17:00:02.652223,78.45,77.28,79.63,0.41,33.12,32.03,34.06,0.45,81.68,80.61,82.85,0.41,46.34,45.12,47.86,0.5,,,,
2021-02-01 17:00:03.038162,69.72,68.58,70.86,0.42,26.05,25.05,27.0,0.41,77.93,76.93,78.96,0.41,45.38,44.25,46.68,0.52,,,,
2021-02-02 17:00:02.974463,65.82,64.63,67.57,0.51,26.53,25.45,27.53,0.4,53.0,51.74,54.47,0.55,46.29,44.86,47.46,0.55,,,,
2021-02-03 17:00:02.684994,77.59,76.09,78.91,0.51,37.97,36.63,39.05,0.55,60.82,59.54,62.24,0.52,53.28,51.81,54.75,0.54,,,,
2021-02-04 17:00:03.366439,17.81,16.71,18.85,0.39,0.64,0.4,0.82,0.09,18.7,17.78,20.12,0.46,62.94,61.59,64.23,0.56,,,,
2021-02-08 17:00:02.891044,78.77,77.39,80.32,0.51,72.78,71.22,74.39,0.62,72.16,69.89,73.91,0.49,93.8,92.85,94.65,0.37,,,,
2021-02-09 17:00:02.584098,78.65,77.34,79.91,0.42,67.95,66.98,69.58,0.53,71.96,71.01,72.63,0.34,87.32,86.39,88.53,0.47,,,,
2021-02-10 17:10:03.080050,79.9,78.99,80.87,0.41,67.06,66.07,68.13,0.45,72.7,71.78,73.7,0.35,85.13,84.49,85.93,0.31,,,,
2021-02-11 17:19:43.269807,93.58,92.97,94.25,0.24,69.42,68.19,70.41,0.47,81.8,81.32,82.61,0.25,74.84,73.82,75.83,0.43,,,,
2021-02-12 07:42:02.335467,88.55,87.51,89.43,0.43,78.34,76.49,80.12,0.84,76.73,75.7,77.53,0.35,91.82,90.62,93.14,0.63,,,,
2021-02-14 07:00:02.486397,71.84,70.53,72.93,0.49,62.6,60.97,63.71,0.51,66.94,65.67,67.93,0.47,89.78,88.85,90.49,0.31,,,,
2021-02-15 07:00:02.866611,81.24,79.63,83.7,0.86,80.38,78.42,82.77,0.89,73.01,71.64,74.6,0.61,100.0,100.0,100.0,0.0,,,,
2021-02-15 08:57:34.140523,78.07,77.04,79.04,0.45,75.71,74.16,77.03,0.68,70.85,69.84,71.85,0.41,98.22,96.88,99.36,0.68,,,,
2021-02-15 18:00:03.167486,59.12,57.19,61.25,0.96,51.03,48.84,53.11,0.95,57.86,56.27,59.47,0.72,89.4,88.73,90.11,0.31,,,,
2021-02-16 07:00:03.197034,24.42,23.44,25.4,0.42,7.8,7.06,8.47,0.26,27.84,26.73,29.53,0.53,64.44,62.47,65.6,0.59,,,,
2021-02-17 07:00:02.652061,75.83,74.67,76.82,0.43,49.13,47.77,50.3,0.52,63.3,62.28,64.31,0.41,70.12,69.07,71.32,0.47,,,,
2021-02-17 19:07:43.983375,59.29,57.05,61.42,0.99,31.4,29.77,33.07,0.8,51.41,49.74,53.31,0.82,58.78,57.33,60.63,0.6,,,,
2021-02-18 07:00:02.760364,58.77,57.42,60.36,0.56,45.74,44.0,47.71,0.72,58.54,57.33,59.63,0.54,82.66,81.47,83.84,0.55,,,,
2021-02-18 19:04:02.341492,54.58,53.37,55.99,0.51,40.02,38.93,41.07,0.48,55.35,54.0,56.36,0.48,78.92,77.9,79.83,0.39,,,,
2021-02-19 08:07:29.948517,24.29,23.4,25.62,0.41,5.93,4.95,6.95,0.5,27.91,26.82,29.01,0.48,61.07,59.84,62.51,0.69,,,,
2021-02-19 19:04:02.229285,23.0,21.84,24.01,0.4,3.98,3.59,4.47,0.18,26.72,25.59,27.88,0.48,53.86,52.88,54.67,0.42,,,,
2021-02-20 07:00:02.103450,40.9,39.75,42.15,0.5,16.71,15.33,17.57,0.41,38.7,37.29,39.94,0.5,54.35,53.29,55.74,0.51,,,,
2021-02-21 07:00:03.222632,40.89,39.69,42.19,0.57,23.9,22.77,24.94,0.46,47.39,46.1,48.48,0.5,70.02,69.02,71.24,0.45,,,,
2021-02-21 19:04:02.958229,35.61,33.46,37.63,1.1,19.55,17.69,21.21,0.84,43.1,40.84,45.43,1.03,69.83,68.85,71.0,0.44,,,,
2021-02-22 07:00:02.910733,24.57,23.22,25.6,0.46,7.94,7.43,8.59,0.26,29.18,28.15,30.65,0.46,66.13,64.98,67.2,0.49,,,,
2021-02-22 19:04:02.454806,23.0,21.9,24.2,0.44,6.77,6.18,7.37,0.25,28.03,27.03,29.41,0.53,66.06,64.98,67.51,0.47,,,,
2021-02-23 07:00:02.636535,60.98,59.7,62.04,0.51,39.38,38.04,40.62,0.51,60.94,59.99,62.19,0.47,68.5,67.25,69.69,0.48,,,,
2021-02-23 19:04:02.820583,51.98,50.81,53.53,0.6,30.93,29.78,32.16,0.53,54.92,53.74,56.03,0.49,66.24,65.11,67.62,0.47,,,,
2021-02-24 07:00:02.727239,52.09,50.94,53.56,0.57,33.52,32.35,34.82,0.5,55.31,53.91,56.39,0.47,71.28,69.81,72.37,0.54,,,,
2021-02-24 19:04:02.596401,49.45,48.4,51.31,0.49,31.29,30.05,32.65,0.51,53.41,52.29,54.5,0.49,71.2,69.79,72.1,0.48,,,,
2021-02-25 07:00:04.364332,55.8,54.46,56.88,0.5,41.02,39.56,42.19,0.47,57.48,56.17,58.52,0.46,79.57,78.58,80.44,0.39,,,,
2021-02-25 19:04:01.854960,51.88,49.98,53.82,0.77,37.44,35.83,39.12,0.72,54.77,52.77,55.93,0.6,79.48,78.15,80.56,0.42,,,,
2021-02-26 07:00:03.879554,54.96,52.7,56.13,0.57,48.09,45.94,49.52,0.57,57.24,56.13,58.34,0.46,92.46,91.69,93.02,0.27,,,,
2021-02-26 19:04:02.044575,47.09,45.34,48.36,0.52,39.01,37.4,40.03,0.47,51.94,50.38,52.95,0.5,90.41,89.6,91.21,0.29,,,,
2021-02-27 07:00:02.426332,51.8,50.84,52.81,0.44,45.35,44.28,46.4,0.45,55.21,54.24,56.4,0.49,94.23,93.78,94.76,0.22,,,,
2021-02-27 19:04:02.289084,45.63,44.53,47.34,0.53,38.27,37.0,39.92,0.53,51.04,49.84,52.58,0.52,92.6,91.89,93.17,0.27,,,,
2021-02-28 07:00:02.324141,45.45,44.49,47.11,0.57,36.48,35.3,37.87,0.53,50.84,49.5,51.93,0.48,88.91,87.59,90.08,0.37,,,,
2021-02-28 19:04:02.252706,41.47,40.29,42.8,0.5,31.23,30.13,32.12,0.43,48.14,46.93,49.67,0.5,85.52,84.59,86.52,0.38,,,,
2021-03-01 07:00:02.430973,26.61,25.49,27.93,0.45,10.82,10.14,11.45,0.31,30.55,29.41,31.8,0.52,78.01,76.91,79.27,0.44,,,,
2021-03-01 19:04:02.593323,24.08,22.94,25.07,0.45,8.53,7.89,9.14,0.24,28.71,27.61,29.63,0.49,77.9,76.9,78.8,0.37,,,,
2021-03-02 07:00:02.559219,28.31,27.43,29.16,0.39,12.3,11.45,13.55,0.37,31.92,30.38,33.49,0.56,77.98,76.76,79.23,0.44,,,,
2021-03-02 19:04:02.497824,24.82,23.69,25.88,0.38,9.28,8.64,10.07,0.29,29.48,28.03,30.51,0.48,77.98,77.11,78.96,0.41,,,,
2021-03-03 07:00:04.610445,29.86,28.8,30.71,0.4,14.72,13.67,15.56,0.35,33.13,31.81,34.56,0.46,81.65,80.76,82.77,0.39,,,,
2021-03-03 19:04:02.766581,24.55,23.29,25.87,0.41,9.89,9.07,10.46,0.28,29.51,28.52,30.59,0.44,81.64,80.59,82.58,0.37,,,,
2021-03-04 07:00:01.890589,32.04,30.8,33.27,0.5,16.71,15.73,17.6,0.44,35.15,34.01,36.72,0.54,81.15,80.47,81.92,0.37,,,,
2021-03-04 19:04:01.994504,24.68,23.62,26.04,0.43,10.06,9.24,11.07,0.32,30.24,29.0,31.57,0.51,81.11,80.34,82.3,0.35,,,,
2021-03-05 07:00:03.807945,32.57,31.06,33.56,0.45,18.45,17.46,19.16,0.33,35.79,34.79,36.73,0.44,84.93,83.83,85.83,0.4,,,,
2021-03-05 19:04:01.807977,28.36,27.25,29.5,0.49,14.51,13.53,15.62,0.4,32.9,31.64,33.96,0.48,84.96,84.26,85.91,0.33,,,,
2021-03-06 07:00:02.628406,37.75,36.6,39.3,0.52,25.93,24.55,26.9,0.48,40.1,38.74,41.18,0.48,96.07,95.64,96.53,0.18,,,,
2021-03-06 19:04:02.663568,35.67,34.6,37.12,0.49,23.59,22.58,24.85,0.47,38.75,37.75,40.15,0.46,94.84,93.81,95.75,0.4,,,,
2021-03-07 07:00:02.753612,37.32,35.83,38.68,0.62,25.33,23.83,27.0,0.64,39.98,38.66,41.2,0.5,93.7,93.15,94.27,0.24,,,,
2021-03-07 19:04:01.907526,26.38,25.2,27.58,0.46,13.66,12.87,14.53,0.34,32.04,30.54,33.5,0.53,93.32,92.62,93.85,0.26,,,,
2021-03-08 07:00:02.645819,29.78,28.42,30.73,0.43,17.13,16.18,18.15,0.4,35.02,33.64,36.43,0.55,93.36,92.78,93.88,0.24,,,,
2021-03-08 19:04:02.550117,25.73,24.55,26.69,0.46,12.99,12.18,13.68,0.34,32.09,30.78,33.25,0.44,91.65,90.85,92.42,0.31,,,,
2021-03-09 07:00:02.276455,31.33,30.16,32.6,0.44,18.71,17.75,19.58,0.4,36.73,35.68,37.79,0.5,91.68,90.97,92.3,0.27,,,,
2021-03-09 19:04:02.486330,25.07,23.91,26.13,0.46,12.42,11.1,13.35,0.36,31.84,30.53,32.71,0.44,91.45,90.75,91.99,0.24,,,,
2021-03-10 07:00:02.112827,36.15,35.06,37.51,0.43,23.35,21.87,24.57,0.45,39.58,38.25,40.69,0.53,91.6,91.01,92.38,0.28,,,,
2021-03-10 19:04:02.233058,32.91,31.66,34.16,0.55,20.21,19.07,21.12,0.45,37.25,35.84,38.47,0.49,91.56,90.79,92.38,0.29,,,,
2021-03-11 07:00:01.964344,48.66,47.46,49.83,0.54,42.41,41.1,43.84,0.63,55.24,54.08,56.43,0.51,94.66,94.2,95.3,0.23,,,,
2021-03-11 19:04:02.442875,28.44,27.33,29.31,0.43,16.59,15.5,17.47,0.39,34.97,33.9,36.31,0.49,94.23,93.59,94.86,0.26,100.0,100.0,100.0,0.0
2021-03-12 07:00:03.147851,29.72,28.35,30.91,0.47,17.5,15.93,18.68,0.43,35.95,34.71,37.18,0.52,94.15,93.63,94.77,0.24,100.0,100.0,100.0,0.0
2021-03-12 19:04:02.271275,25.02,23.82,25.84,0.4,12.47,11.49,13.33,0.3,32.07,31.05,33.75,0.44,93.39,92.68,93.89,0.25,100.0,100.0,100.0,0.0
2021-03-13 07:00:03.513740,28.52,27.3,29.81,0.58,16.12,14.91,17.26,0.52,35.15,33.95,36.36,0.5,93.46,92.82,94.06,0.24,100.0,100.0,100.0,0.0
2021-03-13 19:04:02.518624,23.93,22.62,25.17,0.44,10.97,10.0,11.81,0.31,31.37,29.66,32.7,0.52,87.8,87.07,88.45,0.33,100.0,100.0,100.0,0.0
2021-03-14 07:00:03.011821,34.06,33.01,35.18,0.49,20.69,19.33,21.94,0.43,38.99,37.82,40.11,0.5,87.88,86.91,88.9,0.34,100.0,100.0,100.0,0.0
2021-03-14 19:04:02.754190,27.85,26.62,28.92,0.5,14.77,13.9,15.62,0.37,34.2,32.58,35.75,0.58,87.78,87.06,88.5,0.32,100.0,100.0,100.0,0.0
2021-03-15 07:00:03.062111,36.13,35.07,37.15,0.47,24.92,23.81,26.33,0.44,41.31,40.13,42.41,0.49,94.19,93.63,94.91,0.24,100.0,100.0,100.0,0.0
2021-03-15 19:04:02.413691,28.03,26.87,29.0,0.42,15.63,14.62,16.43,0.33,34.56,33.17,35.64,0.49,90.87,90.21,91.42,0.26,100.0,100.0,100.0,0.0
2021-03-16 07:00:02.996389,31.21,29.96,32.81,0.53,18.91,17.96,20.07,0.44,37.5,36.07,38.5,0.43,90.99,90.23,91.69,0.28,100.0,100.0,100.0,0.0
2021-03-16 19:04:02.796950,25.93,24.45,26.97,0.48,13.83,12.94,14.83,0.39,33.83,32.65,35.0,0.49,90.96,90.0,91.56,0.28,100.0,100.0,100.0,0.0
2021-03-17 07:00:03.889528,44.29,42.75,46.16,0.73,38.28,36.65,40.28,0.81,51.95,50.74,53.68,0.59,96.36,95.7,96.97,0.24,100.0,100.0,100.0,0.0
2021-03-17 19:04:02.332959,26.6,25.59,27.76,0.42,14.83,14.03,15.55,0.32,34.38,32.78,35.43,0.55,93.85,93.14,94.4,0.26,100.0,100.0,100.0,0.0
2021-03-18 19:04:02.672153,27.49,26.48,28.61,0.4,15.39,14.3,16.1,0.35,34.56,33.07,35.67,0.52,92.07,91.45,92.95,0.28,100.0,100.0,100.0,0.0
2021-03-19 07:00:03.290962,30.59,29.01,31.57,0.47,18.9,17.75,19.8,0.4,37.6,35.95,38.77,0.54,92.14,91.27,92.75,0.28,100.0,100.0,100.0,0.0
2021-03-19 19:04:02.823425,25.44,24.14,26.41,0.39,12.68,11.72,13.32,0.33,33.45,32.3,34.55,0.5,87.54,86.6,88.22,0.32,100.0,100.0,100.0,0.0
2021-03-20 07:00:02.434239,28.33,27.28,29.82,0.47,15.8,14.9,16.68,0.39,35.99,34.86,37.24,0.56,87.66,86.9,88.4,0.33,100.0,100.0,100.0,0.0
2021-03-20 19:04:02.796866,24.26,23.27,25.6,0.4,11.73,11.15,12.7,0.31,33.14,32.15,34.47,0.46,87.68,86.94,88.49,0.36,100.0,100.0,100.0,0.0
2021-03-21 07:00:03.251999,29.7,28.74,30.91,0.46,18.1,17.02,19.3,0.41,37.05,35.86,38.26,0.46,92.21,91.64,92.88,0.28,100.0,100.0,100.0,0.0
2021-03-21 19:04:02.738372,26.45,25.2,27.52,0.46,14.78,13.72,15.7,0.37,34.88,33.56,35.83,0.49,92.23,91.58,92.99,0.31,100.0,100.0,100.0,0.0
2021-03-22 07:00:03.410491,33.22,32.21,34.35,0.44,20.69,19.88,21.57,0.37,39.23,38.28,40.76,0.52,87.56,86.82,88.48,0.32,100.0,100.0,100.0,0.0
2021-03-22 19:04:03.531171,27.56,26.25,28.71,0.47,15.27,14.2,16.08,0.39,35.35,34.24,36.58,0.53,87.52,86.4,88.51,0.37,100.0,100.0,100.0,0.0
2021-03-23 07:00:02.471548,35.7,34.3,36.94,0.49,23.1,22.17,24.16,0.4,41.06,39.56,42.23,0.52,87.49,86.56,88.21,0.31,100.0,100.0,100.0,0.0
2021-03-23 19:04:02.739486,30.59,29.11,31.69,0.43,18.38,17.29,19.39,0.38,37.5,36.35,38.65,0.43,87.35,86.54,88.22,0.36,100.0,100.0,100.0,0.0
2021-03-24 07:00:02.758889,30.63,29.59,31.87,0.46,18.77,17.91,19.65,0.4,37.83,36.4,39.05,0.52,90.05,89.41,90.7,0.26,100.0,100.0,100.0,0.0
2021-03-24 19:04:02.473820,27.31,26.27,29.05,0.47,15.32,14.29,16.39,0.37,35.15,33.67,36.31,0.55,89.86,89.05,90.62,0.29,100.0,100.0,100.0,0.0
2021-03-25 07:00:04.629429,29.44,28.24,30.76,0.45,17.81,16.91,18.93,0.37,37.28,36.29,38.49,0.45,91.76,91.03,92.36,0.29,100.0,100.0,100.0,0.0
2021-03-25 19:04:02.200669,26.17,25.13,27.05,0.41,14.48,13.61,15.35,0.4,34.66,33.48,36.0,0.51,91.67,91.03,92.31,0.27,100.0,100.0,100.0,0.0
2021-03-26 07:00:02.829666,27.37,26.48,28.67,0.38,16.45,15.77,17.52,0.33,36.11,35.08,37.42,0.49,94.57,94.0,95.05,0.23,100.0,100.0,100.0,0.0
2021-03-27 07:00:02.864721,27.18,26.02,28.26,0.47,15.57,14.63,16.42,0.36,36.2,34.87,37.21,0.45,90.5,89.82,91.15,0.26,100.0,100.0,100.0,0.0
2021-03-27 19:04:02.819879,25.2,24.12,26.27,0.45,13.45,12.57,14.56,0.38,34.73,33.71,35.79,0.48,90.49,89.66,91.31,0.31,100.0,100.0,100.0,0.0
2021-03-28 07:00:02.845010,30.84,29.71,32.23,0.49,20.05,19.05,21.36,0.42,38.89,37.73,40.12,0.5,92.75,92.21,93.39,0.27,100.0,100.0,100.0,0.0
2021-03-28 19:04:02.543055,27.67,26.52,29.0,0.45,16.64,15.41,17.64,0.38,36.74,35.22,38.3,0.55,91.71,90.99,92.48,0.25,100.0,100.0,100.0,0.0
2021-03-29 07:00:02.960479,34.76,33.12,36.14,0.54,23.94,22.54,25.22,0.48,41.3,40.08,42.54,0.54,91.71,90.88,92.35,0.31,100.0,100.0,100.0,0.0
2021-03-29 19:04:02.935683,30.67,29.5,32.03,0.51,19.92,19.0,21.17,0.43,38.59,37.43,39.9,0.51,91.75,90.86,92.49,0.29,100.0,100.0,100.0,0.0
2021-03-30 07:00:02.954447,32.46,31.0,33.97,0.53,22.36,21.22,23.91,0.53,40.22,39.06,41.34,0.52,94.67,94.06,95.22,0.22,100.0,100.0,100.0,0.0
2021-03-30 19:04:02.618381,30.9,29.89,32.06,0.44,17.84,16.86,18.81,0.4,38.22,36.77,39.48,0.5,83.69,82.71,84.31,0.32,100.0,100.0,100.0,0.0
2021-03-31 07:00:03.621427,80.39,79.14,81.47,0.42,62.13,60.98,63.67,0.5,74.9,74.19,75.57,0.28,79.48,78.63,80.59,0.4,100.0,100.0,100.0,0.0
2021-03-31 19:04:02.543496,80.61,79.52,81.75,0.41,54.91,53.84,56.02,0.52,73.65,72.71,74.55,0.32,70.3,68.78,71.64,0.49,100.0,100.0,100.0,0.0
2021-04-01 07:00:04.399310,100.0,100.0,100.0,0.0,79.02,77.94,80.09,0.44,84.1,83.83,84.16,0.04,78.33,77.14,79.43,0.46,100.0,100.0,100.0,0.0
2021-04-01 19:04:02.137151,100.0,100.0,100.0,0.0,74.36,73.06,75.63,0.43,82.86,82.73,83.1,0.05,73.48,72.3,74.62,0.42,100.0,100.0,100.0,0.0
2021-04-02 07:00:02.711307,100.0,100.0,100.0,0.0,81.19,80.01,82.32,0.39,82.5,82.43,82.8,0.04,80.42,79.05,81.64,0.41,100.0,100.0,100.0,0.0
2021-04-02 19:04:02.481061,100.0,100.0,100.0,0.0,74.78,73.76,75.81,0.36,82.4,82.32,82.6,0.05,73.82,72.72,74.85,0.38,100.0,100.0,100.0,0.0
2021-04-03 07:00:04.115238,100.0,100.0,100.0,0.0,83.69,82.92,84.66,0.39,82.26,82.08,82.7,0.07,83.02,82.23,84.1,0.4,100.0,100.0,100.0,0.0
2021-04-03 19:04:02.241102,100.0,100.0,100.0,0.0,76.12,74.97,77.23,0.46,81.58,81.0,81.65,0.11,75.24,74.11,76.3,0.45,100.0,100.0,100.0,0.0
2021-04-04 07:00:04.963817,100.0,100.0,100.0,0.0,86.97,85.95,87.79,0.37,81.17,80.4,81.27,0.11,86.58,85.55,87.29,0.37,100.0,100.0,100.0,0.0
2021-04-04 19:04:02.038998,100.0,100.0,100.0,0.0,83.28,82.53,84.3,0.33,81.26,81.21,81.5,0.05,82.83,82.03,83.95,0.33,100.0,100.0,100.0,0.0
2021-04-05 07:00:03.904795,100.0,100.0,100.0,0.0,88.09,87.42,89.11,0.31,80.88,80.79,81.4,0.07,87.86,87.19,88.83,0.32,100.0,100.0,100.0,0.0
2021-04-05 19:04:02.489019,86.15,85.05,87.3,0.42,74.21,72.99,75.46,0.49,67.2,66.19,68.23,0.42,86.44,85.68,87.09,0.33,100.0,100.0,100.0,0.0
2021-04-06 09:53:07.531431,59.16,57.53,60.52,0.62,50.1,48.26,51.82,0.73,39.19,37.28,40.92,0.79,91.73,91.18,92.34,0.25,100.0,100.0,100.0,0.0
2021-04-06 19:04:03.419133,48.12,46.92,49.41,0.54,37.09,35.98,38.28,0.51,28.69,27.7,29.96,0.51,90.81,90.11,91.49,0.31,100.0,100.0,100.0,0.0
2021-04-07 10:18:29.338679,44.01,42.48,45.5,0.52,35.23,33.92,36.61,0.53,25.22,23.74,26.43,0.5,93.66,93.04,94.17,0.21,100.0,100.0,100.0,0.0
2021-04-07 19:04:02.755741,39.21,38.01,40.67,0.53,29.76,28.42,31.09,0.5,20.2,18.95,21.54,0.46,92.85,92.28,93.58,0.27,100.0,100.0,100.0,0.0
2021-04-08 07:00:03.928466,48.62,47.24,50.52,0.59,38.16,36.81,39.69,0.57,32.35,30.7,34.29,0.61,91.38,90.65,92.12,0.31,100.0,100.0,100.0,0.0
2021-04-08 19:04:02.737319,39.8,38.41,40.97,0.53,29.51,28.42,31.01,0.52,23.03,21.73,24.35,0.51,90.16,89.48,91.05,0.32,100.0,100.0,100.0,0.0
2021-04-09 07:00:03.193661,41.71,40.13,43.11,0.51,32.19,30.76,33.25,0.45,25.54,24.07,26.43,0.44,93.62,92.91,94.27,0.25,100.0,100.0,100.0,0.0
2021-04-09 19:04:04.261329,36.22,35.24,37.58,0.47,26.72,25.64,27.75,0.45,19.85,19.02,21.15,0.44,92.5,91.83,93.27,0.27,100.0,100.0,100.0,0.0
2021-04-10 19:04:02.817745,36.11,35.02,37.14,0.48,25.82,24.68,27.26,0.49,18.85,17.83,20.03,0.46,91.89,91.15,92.56,0.26,100.0,100.0,100.0,0.0
2021-04-11 19:04:02.703170,40.15,39.08,41.6,0.51,30.72,29.58,32.28,0.48,24.17,22.92,25.5,0.46,93.61,93.02,94.19,0.23,100.0,100.0,100.0,0.0
2021-04-12 19:04:03.417352,37.86,36.94,38.91,0.45,29.26,28.1,30.4,0.48,22.15,21.08,23.41,0.47,95.21,94.83,95.82,0.22,100.0,100.0,100.0,0.0
2021-04-13 07:00:04.636076,47.52,45.84,48.64,0.55,41.07,39.97,42.36,0.56,35.71,34.49,37.02,0.58,95.07,94.64,95.61,0.21,100.0,100.0,100.0,0.0
2021-04-13 19:04:03.709172,41.72,40.28,43.3,0.56,31.97,30.76,33.19,0.51,27.37,26.08,28.65,0.5,94.36,93.83,95.05,0.24,100.0,100.0,100.0,0.0
2021-04-14 09:14:06.116609,50.5,48.0,53.0,3.54,40.5,40.0,41.0,0.71,38.25,37.0,39.5,1.77,92.5,90.0,95.0,3.54,100.0,100.0,100.0,0.0
2021-04-15 05:30:46.772448,54.56,53.21,56.48,0.72,44.67,42.75,46.47,0.73,41.37,39.61,43.23,0.76,94.18,93.55,94.76,0.25,100.0,100.0,100.0,0.0
2021-04-15 17:30:02.663258,42.22,40.86,43.83,0.53,32.64,30.78,34.13,0.53,28.25,26.43,29.48,0.56,93.91,93.15,94.63,0.26,100.0,100.0,100.0,0.0
2021-04-16 05:00:03.941968,46.22,43.54,48.53,1.24,41.87,39.36,44.95,1.52,37.75,34.88,40.99,1.68,97.24,96.73,97.68,0.18,100.0,100.0,100.0,0.0
2021-04-16 17:30:03.115418,35.52,33.93,37.46,0.57,26.6,25.42,28.43,0.51,20.64,19.61,22.23,0.52,97.2,96.82,97.58,0.17,100.0,100.0,100.0,0.0
2021-04-17 05:00:02.911878,46.97,44.65,49.23,1.07,38.94,36.81,40.91,1.0,33.09,30.68,35.36,1.08,99.67,99.54,99.87,0.06,100.0,100.0,100.0,0.0
2021-04-17 17:30:03.105928,32.08,31.13,33.09,0.44,22.86,21.86,24.08,0.44,16.21,15.23,17.38,0.42,99.62,99.47,99.76,0.06,100.0,100.0,100.0,0.0
2021-04-18 05:00:02.161499,37.48,35.33,39.86,0.98,29.24,26.77,31.23,0.95,22.97,20.74,24.81,0.96,99.62,99.45,99.77,0.07,100.0,100.0,100.0,0.0
2021-04-18 17:30:03.386481,31.01,29.49,32.61,0.48,22.48,21.3,23.74,0.46,15.96,14.86,16.98,0.4,99.61,99.48,99.75,0.06,100.0,100.0,100.0,0.0
2021-04-19 05:00:02.484293,42.08,40.02,44.08,0.99,32.78,30.7,35.13,0.99,26.91,24.77,29.03,1.04,99.68,99.55,99.81,0.06,100.0,100.0,100.0,0.0
2021-04-19 17:30:04.093685,33.22,32.27,34.4,0.5,24.02,23.01,25.19,0.46,17.68,16.44,18.88,0.41,99.63,99.47,99.76,0.06,100.0,100.0,100.0,0.0
2021-04-20 05:00:02.384182,41.64,39.29,43.74,0.99,35.04,32.23,37.24,1.0,29.13,26.11,31.08,1.04,99.66,99.49,99.8,0.06,100.0,100.0,100.0,0.0
2021-04-20 17:30:03.007221,32.05,31.1,33.07,0.43,23.15,22.24,24.12,0.4,16.61,15.71,17.47,0.36,99.63,99.51,99.78,0.05,100.0,100.0,100.0,0.0
2021-04-21 05:00:03.361210,65.82,64.49,67.22,0.5,57.96,56.62,59.03,0.49,53.31,52.04,54.73,0.48,99.7,99.57,99.79,0.05,100.0,100.0,100.0,0.0
2021-04-21 17:30:02.707927,65.86,64.9,67.12,0.5,58.02,56.97,59.34,0.46,53.33,52.27,54.37,0.45,99.7,99.58,99.83,0.05,100.0,100.0,100.0,0.0
2021-04-22 05:00:03.190447,100.0,100.0,100.0,0.0,100.0,100.0,100.0,0.0,97.82,97.74,97.85,0.02,100.0,100.0,100.0,0.0,100.0,100.0,100.0,0.0
2021-04-22 17:30:02.602647,100.0,100.0,100.0,0.0,100.0,100.0,100.0,0.0,97.78,97.55,97.82,0.05,100.0,100.0,100.0,0.0,100.0,100.0,100.0,0.0
2021-04-23 05:00:02.871234,100.0,100.0,100.0,0.0,100.0,100.0,100.0,0.0,97.79,97.74,97.97,0.03,100.0,100.0,100.0,0.0,100.0,100.0,100.0,0.0
2021-04-23 17:30:02.382766,100.0,100.0,100.0,0.0,100.0,100.0,100.0,0.0,97.82,97.76,97.9,0.02,100.0,100.0,100.0,0.0,100.0,100.0,100.0,0.0
2021-04-24 05:00:02.606525,100.0,100.0,100.0,0.0,100.0,100.0,100.0,0.0,97.79,97.6,97.86,0.03,100.0,100.0,100.0,0.0,100.0,100.0,100.0,0.0
2021-04-24 17:30:03.216056,100.0,100.0,100.0,0.0,100.0,100.0,100.0,0.0,97.83,97.79,97.9,0.02,100.0,100.0,100.0,0.0,100.0,100.0,100.0,0.0
2021-04-25 05:00:02.272085,100.0,100.0,100.0,0.0,100.0,100.0,100.0,0.0,97.84,97.8,98.0,0.03,100.0,100.0,100.0,0.0,100.0,100.0,100.0,0.0
2021-04-25 17:30:02.432667,100.0,100.0,100.0,0.0,100.0,100.0,100.0,0.0,97.79,97.75,97.9,0.01,100.0,100.0,100.0,0.0,100.0,100.0,100.0,0.0
2021-04-26 05:00:02.596282,100.0,100.0,100.0,0.0,100.0,100.0,100.0,0.0,97.83,97.82,98.0,0.03,100.0,100.0,100.0,0.0,100.0,100.0,100.0,0.0
2021-04-26 17:30:03.875666,100.0,100.0,100.0,0.0,100.0,100.0,100.0,0.0,97.83,97.7,97.86,0.02,100.0,100.0,100.0,0.0,100.0,100.0,100.0,0.0
2021-04-27 05:00:02.367351,100.0,100.0,100.0,0.0,100.0,100.0,100.0,0.0,97.81,97.4,97.86,0.05,100.0,100.0,100.0,0.0,100.0,100.0,100.0,0.0
2021-04-27 17:30:03.546512,100.0,100.0,100.0,0.0,100.0,100.0,100.0,0.0,97.84,97.8,97.87,0.01,100.0,100.0,100.0,0.0,100.0,100.0,100.0,0.0
2021-04-28 05:00:02.899615,100.0,100.0,100.0,0.0,100.0,100.0,100.0,0.0,97.83,97.81,98.0,0.02,100.0,100.0,100.0,0.0,100.0,100.0,100.0,0.0
2021-04-30 06:00:04.295391,100.0,100.0,100.0,0.0,100.0,100.0,100.0,0.0,97.81,97.5,97.94,0.04,100.0,100.0,100.0,0.0,100.0,100.0,100.0,0.0
2021-04-30 17:30:03.184468,100.0,100.0,100.0,0.0,100.0,100.0,100.0,0.0,97.79,97.75,97.81,0.01,100.0,100.0,100.0,0.0,100.0,100.0,100.0,0.0
2021-05-01 06:00:02.641028,100.0,100.0,100.0,0.0,100.0,100.0,100.0,0.0,97.81,97.8,97.87,0.01,100.0,100.0,100.0,0.0,100.0,100.0,100.0,0.0
2021-05-01 17:30:02.786874,48.58,46.86,50.09,0.77,6.46,5.9,7.2,0.26,5.62,4.58,6.62,0.39,100.0,100.0,100.0,0.0,100.0,100.0,100.0,0.0
2021-05-02 06:00:03.004766,100.0,100.0,100.0,0.0,100.0,100.0,100.0,0.0,72.7,72.5,72.78,0.06,100.0,100.0,100.0,0.0,100.0,100.0,100.0,0.0
2021-05-02 17:30:02.993997,100.0,100.0,100.0,0.0,100.0,100.0,100.0,0.0,72.53,72.3,72.63,0.07,100.0,100.0,100.0,0.0,100.0,100.0,100.0,0.0
2021-05-03 06:00:02.562889,100.0,100.0,100.0,0.0,100.0,100.0,100.0,0.0,72.58,72.47,72.83,0.05,100.0,100.0,100.0,0.0,100.0,100.0,100.0,0.0
2021-05-03 17:30:03.029940,100.0,100.0,100.0,0.0,100.0,100.0,100.0,0.0,72.59,72.3,73.1,0.09,100.0,100.0,100.0,0.0,100.0,100.0,100.0,0.0
2021-05-04 06:00:02.788896,100.0,100.0,100.0,0.0,100.0,100.0,100.0,0.0,72.63,72.3,72.72,0.05,100.0,100.0,100.0,0.0,100.0,100.0,100.0,0.0
2021-05-04 17:30:02.952285,100.0,100.0,100.0,0.0,100.0,100.0,100.0,0.0,72.6,72.47,72.8,0.06,100.0,100.0,100.0,0.0,100.0,100.0,100.0,0.0
2021-05-05 06:00:03.244257,100.0,100.0,100.0,0.0,100.0,100.0,100.0,0.0,72.59,72.3,73.1,0.08,100.0,100.0,100.0,0.0,100.0,100.0,100.0,0.0
2021-05-05 17:30:03.176315,100.0,100.0,100.0,0.0,100.0,100.0,100.0,0.0,72.61,72.39,72.9,0.07,100.0,100.0,100.0,0.0,100.0,100.0,100.0,0.0
2021-05-06 06:00:04.363759,100.0,100.0,100.0,0.0,100.0,100.0,100.0,0.0,72.55,72.47,72.7,0.04,100.0,100.0,100.0,0.0,100.0,100.0,100.0,0.0
2021-05-06 17:30:02.958470,100.0,100.0,100.0,0.0,100.0,100.0,100.0,0.0,72.56,72.03,72.63,0.1,100.0,100.0,100.0,0.0,100.0,100.0,100.0,0.0
2021-05-07 06:00:03.221344,100.0,100.0,100.0,0.0,100.0,100.0,100.0,0.0,72.65,72.56,73.07,0.1,100.0,100.0,100.0,0.0,100.0,100.0,100.0,0.0
2021-05-07 17:30:02.853741,100.0,100.0,100.0,0.0,100.0,100.0,100.0,0.0,72.56,72.4,73.0,0.06,100.0,100.0,100.0,0.0,100.0,100.0,100.0,0.0
2021-05-08 06:00:03.507949,100.0,100.0,100.0,0.0,100.0,100.0,100.0,0.0,72.63,72.57,72.87,0.05,100.0,100.0,100.0,0.0,100.0,100.0,100.0,0.0
2021-05-08 17:30:03.024283,100.0,100.0,100.0,0.0,100.0,100.0,100.0,0.0,72.7,72.4,72.97,0.09,100.0,100.0,100.0,0.0,100.0,100.0,100.0,0.0
2021-05-09 06:00:03.625587,100.0,100.0,100.0,0.0,100.0,100.0,100.0,0.0,72.51,72.4,72.7,0.04,100.0,100.0,100.0,0.0,100.0,100.0,100.0,0.0
2021-05-09 17:30:03.286155,100.0,100.0,100.0,0.0,100.0,100.0,100.0,0.0,72.61,72.4,72.7,0.05,100.0,100.0,100.0,0.0,100.0,100.0,100.0,0.0
2021-05-10 06:00:02.873841,100.0,100.0,100.0,0.0,100.0,100.0,100.0,0.0,72.5,72.32,72.75,0.07,100.0,100.0,100.0,0.0,100.0,100.0,100.0,0.0
2021-05-10 17:30:03.381755,100.0,100.0,100.0,0.0,100.0,100.0,100.0,0.0,72.64,72.57,73.05,0.07,100.0,100.0,100.0,0.0,100.0,100.0,100.0,0.0
2021-05-11 06:00:02.599871,100.0,100.0,100.0,0.0,100.0,100.0,100.0,0.0,72.65,72.15,72.88,0.07,100.0,100.0,100.0,0.0,100.0,100.0,100.0,0.0
2021-05-11 17:30:02.269322,100.0,100.0,100.0,0.0,100.0,100.0,100.0,0.0,72.51,72.1,72.6,0.09,100.0,100.0,100.0,0.0,100.0,100.0,100.0,0.0
2021-05-12 06:00:02.995682,100.0,100.0,100.0,0.0,100.0,100.0,100.0,0.0,72.54,72.33,72.75,0.08,100.0,100.0,100.0,0.0,100.0,100.0,100.0,0.0
2021-05-12 17:30:02.673810,100.0,100.0,100.0,0.0,100.0,100.0,100.0,0.0,72.56,72.3,72.62,0.06,100.0,100.0,100.0,0.0,100.0,100.0,100.0,0.0
2021-05-13 06:00:03.149520,100.0,100.0,100.0,0.0,100.0,100.0,100.0,0.0,72.61,72.33,72.7,0.07,100.0,100.0,100.0,0.0,100.0,100.0,100.0,0.0
2021-05-13 17:30:03.056982,100.0,100.0,100.0,0.0,100.0,100.0,100.0,0.0,72.5,71.75,72.59,0.14,100.0,100.0,100.0,0.0,100.0,100.0,100.0,0.0
2021-05-14 06:00:03.356589,100.0,100.0,100.0,0.0,100.0,100.0,100.0,0.0,72.52,72.13,72.61,0.08,100.0,100.0,100.0,0.0,100.0,100.0,100.0,0.0
2021-05-14 17:30:02.874646,100.0,100.0,100.0,0.0,100.0,100.0,100.0,0.0,72.48,72.35,72.6,0.04,100.0,100.0,100.0,0.0,100.0,100.0,100.0,0.0
2021-05-15 06:00:03.076643,100.0,100.0,100.0,0.0,100.0,100.0,100.0,0.0,72.6,72.3,72.68,0.05,100.0,100.0,100.0,0.0,100.0,100.0,100.0,0.0
2021-05-15 17:30:03.125320,100.0,100.0,100.0,0.0,100.0,100.0,100.0,0.0,72.59,72.52,72.79,0.04,100.0,100.0,100.0,0.0,100.0,100.0,100.0,0.0
2021-05-16 06:00:02.455452,100.0,100.0,100.0,0.0,100.0,100.0,100.0,0.0,72.66,72.6,73.1,0.06,100.0,100.0,100.0,0.0,100.0,100.0,100.0,0.0
2021-05-16 17:30:03.032089,100.0,100.0,100.0,0.0,100.0,100.0,100.0,0.0,72.61,72.25,72.67,0.05,100.0,100.0,100.0,0.0,100.0,100.0,100.0,0.0
2021-05-17 06:00:02.899308,100.0,100.0,100.0,0.0,100.0,100.0,100.0,0.0,72.64,72.55,72.95,0.09,100.0,100.0,100.0,0.0,100.0,100.0,100.0,0.0
2021-05-17 17:30:04.110890,100.0,100.0,100.0,0.0,100.0,100.0,100.0,0.0,72.56,72.2,72.75,0.08,100.0,100.0,100.0,0.0,100.0,100.0,100.0,0.0
2021-05-18 06:00:03.092276,100.0,100.0,100.0,0.0,100.0,100.0,100.0,0.0,72.64,72.55,73.03,0.09,100.0,100.0,100.0,0.0,100.0,100.0,100.0,0.0
2021-05-18 17:30:03.428758,100.0,100.0,100.0,0.0,100.0,100.0,100.0,0.0,72.54,72.0,72.63,0.13,100.0,100.0,100.0,0.0,100.0,100.0,100.0,0.0
2021-05-19 06:00:03.731166,100.0,100.0,100.0,0.0,100.0,100.0,100.0,0.0,72.56,72.0,72.64,0.07,100.0,100.0,100.0,0.0,100.0,100.0,100.0,0.0
2021-05-19 17:30:03.461234,100.0,100.0,100.0,0.0,100.0,100.0,100.0,0.0,72.64,72.35,72.72,0.06,100.0,100.0,100.0,0.0,100.0,100.0,100.0,0.0
2021-05-20 06:00:03.081638,100.0,100.0,100.0,0.0,100.0,100.0,100.0,0.0,72.74,72.66,73.5,0.12,100.0,100.0,100.0,0.0,100.0,100.0,100.0,0.0
2021-05-20 17:30:03.203358,100.0,100.0,100.0,0.0,100.0,100.0,100.0,0.0,72.66,72.3,72.84,0.06,100.0,100.0,100.0,0.0,100.0,100.0,100.0,0.0
2021-05-21 06:00:03.137740,100.0,100.0,100.0,0.0,100.0,100.0,100.0,0.0,72.63,72.57,72.9,0.05,100.0,100.0,100.0,0.0,100.0,100.0,100.0,0.0
2021-05-21 17:30:03.635289,100.0,100.0,100.0,0.0,100.0,100.0,100.0,0.0,72.62,72.4,72.73,0.04,100.0,100.0,100.0,0.0,100.0,100.0,100.0,0.0
2021-05-22 06:00:03.638222,100.0,100.0,100.0,0.0,100.0,100.0,100.0,0.0,72.55,72.4,72.74,0.05,100.0,100.0,100.0,0.0,100.0,100.0,100.0,0.0
2021-05-22 17:30:03.361083,100.0,100.0,100.0,0.0,100.0,100.0,100.0,0.0,72.59,72.5,72.8,0.06,100.0,100.0,100.0,0.0,100.0,100.0,100.0,0.0
2021-05-23 06:00:03.716196,100.0,100.0,100.0,0.0,100.0,100.0,100.0,0.0,72.58,72.54,72.77,0.05,100.0,100.0,100.0,0.0,100.0,100.0,100.0,0.0
2021-05-23 17:30:04.068687,100.0,100.0,100.0,0.0,100.0,100.0,100.0,0.0,72.52,71.6,72.58,0.12,100.0,100.0,100.0,0.0,100.0,100.0,100.0,0.0
2021-05-24 06:00:03.468460,100.0,100.0,100.0,0.0,100.0,100.0,100.0,0.0,72.59,72.32,72.8,0.07,100.0,100.0,100.0,0.0,100.0,100.0,100.0,0.0
2021-05-24 20:21:56.170914,100.0,100.0,100.0,0.0,100.0,100.0,100.0,0.0,94.02,93.96,94.15,0.03,100.0,100.0,100.0,0.0,100.0,100.0,100.0,0.0
2021-05-25 06:00:05.313428,100.0,100.0,100.0,0.0,100.0,100.0,100.0,0.0,93.98,93.81,94.1,0.03,100.0,100.0,100.0,0.0,100.0,100.0,100.0,0.0
2021-05-25 17:30:03.623670,100.0,100.0,100.0,0.0,100.0,100.0,100.0,0.0,94.04,93.96,94.09,0.02,100.0,100.0,100.0,0.0,100.0,100.0,100.0,0.0
2021-05-26 06:00:05.318316,100.0,100.0,100.0,0.0,100.0,100.0,100.0,0.0,94.11,94.07,94.35,0.04,100.0,100.0,100.0,0.0,100.0,100.0,100.0,0.0
2021-05-26 17:30:03.955985,100.0,100.0,100.0,0.0,100.0,100.0,100.0,0.0,94.05,93.8,94.12,0.04,100.0,100.0,100.0,0.0,100.0,100.0,100.0,0.0
2021-05-27 06:00:03.729860,100.0,100.0,100.0,0.0,100.0,100.0,100.0,0.0,93.98,93.9,94.12,0.04,100.0,100.0,100.0,0.0,100.0,100.0,100.0,0.0
2021-05-27 17:30:02.990939,100.0,100.0,100.0,0.0,100.0,100.0,100.0,0.0,94.04,94.0,94.5,0.06,100.0,100.0,100.0,0.0,100.0,100.0,100.0,0.0
2021-05-28 06:00:03.033636,100.0,100.0,100.0,0.0,100.0,100.0,100.0,0.0,94.02,93.99,94.18,0.04,100.0,100.0,100.0,0.0,100.0,100.0,100.0,0.0
2021-05-28 17:30:02.952556,100.0,100.0,100.0,0.0,100.0,100.0,100.0,0.0,94.05,93.99,94.4,0.06,100.0,100.0,100.0,0.0,100.0,100.0,100.0,0.0
2021-05-29 06:00:03.462143,100.0,100.0,100.0,0.0,100.0,100.0,100.0,0.0,94.08,94.04,94.2,0.03,100.0,100.0,100.0,0.0,100.0,100.0,100.0,0.0
2021-05-29 17:30:03.089793,100.0,100.0,100.0,0.0,100.0,100.0,100.0,0.0,94.03,93.8,94.06,0.04,100.0,100.0,100.0,0.0,100.0,100.0,100.0,0.0
2021-05-30 06:00:02.580016,100.0,100.0,100.0,0.0,100.0,100.0,100.0,0.0,94.1,94.04,94.6,0.08,100.0,100.0,100.0,0.0,100.0,100.0,100.0,0.0
2021-05-30 17:30:02.960238,100.0,100.0,100.0,0.0,100.0,100.0,100.0,0.0,93.97,93.77,94.01,0.04,100.0,100.0,100.0,0.0,100.0,100.0,100.0,0.0
2021-05-31 06:00:03.060498,100.0,100.0,100.0,0.0,100.0,100.0,100.0,0.0,93.97,93.8,94.0,0.03,100.0,100.0,100.0,0.0,100.0,100.0,100.0,0.0
2021-05-31 17:30:02.930008,100.0,100.0,100.0,0.0,100.0,100.0,100.0,0.0,94.02,93.9,94.13,0.04,100.0,100.0,100.0,0.0,100.0,100.0,100.0,0.0
2021-06-01 06:00:03.462359,100.0,100.0,100.0,0.0,100.0,100.0,100.0,0.0,94.02,93.92,94.2,0.03,100.0,100.0,100.0,0.0,100.0,100.0,100.0,0.0
2021-06-01 17:30:02.684734,100.0,100.0,100.0,0.0,100.0,100.0,100.0,0.0,93.98,93.8,94.02,0.05,100.0,100.0,100.0,0.0,100.0,100.0,100.0,0.0
2021-06-02 06:00:03.225911,100.0,100.0,100.0,0.0,100.0,100.0,100.0,0.0,94.0,93.94,94.25,0.04,100.0,100.0,100.0,0.0,100.0,100.0,100.0,0.0
2021-06-02 17:30:02.484211,100.0,100.0,100.0,0.0,100.0,100.0,100.0,0.0,94.04,93.7,94.09,0.05,100.0,100.0,100.0,0.0,100.0,100.0,100.0,0.0
2021-06-03 06:00:02.816341,100.0,100.0,100.0,0.0,100.0,100.0,100.0,0.0,94.02,93.85,94.1,0.04,100.0,100.0,100.0,0.0,100.0,100.0,100.0,0.0
2021-06-03 17:30:03.098874,100.0,100.0,100.0,0.0,100.0,100.0,100.0,0.0,94.01,93.8,94.06,0.03,100.0,100.0,100.0,0.0,100.0,100.0,100.0,0.0
2021-06-04 06:00:03.374937,100.0,100.0,100.0,0.0,100.0,100.0,100.0,0.0,94.02,93.8,94.11,0.04,100.0,100.0,100.0,0.0,100.0,100.0,100.0,0.0
2021-06-04 17:30:03.265928,100.0,100.0,100.0,0.0,100.0,100.0,100.0,0.0,94.04,94.0,94.2,0.02,100.0,100.0,100.0,0.0,100.0,100.0,100.0,0.0
2021-06-05 06:00:03.596807,100.0,100.0,100.0,0.0,100.0,100.0,100.0,0.0,94.03,93.9,94.06,0.03,100.0,100.0,100.0,0.0,100.0,100.0,100.0,0.0
2021-06-05 17:30:03.114918,100.0,100.0,100.0,0.0,100.0,100.0,100.0,0.0,94.08,94.0,94.15,0.04,100.0,100.0,100.0,0.0,100.0,100.0,100.0,0.0
2021-06-06 06:00:03.278590,100.0,100.0,100.0,0.0,100.0,100.0,100.0,0.0,94.01,93.92,94.3,0.04,100.0,100.0,100.0,0.0,100.0,100.0,100.0,0.0
2021-06-06 17:30:03.228016,100.0,100.0,100.0,0.0,100.0,100.0,100.0,0.0,93.98,93.5,94.03,0.08,100.0,100.0,100.0,0.0,100.0,100.0,100.0,0.0
2021-06-07 06:00:02.745856,100.0,100.0,100.0,0.0,100.0,100.0,100.0,0.0,94.07,93.99,94.35,0.05,100.0,100.0,100.0,0.0,100.0,100.0,100.0,0.0
2021-06-07 17:30:03.064415,100.0,100.0,100.0,0.0,100.0,100.0,100.0,0.0,93.99,93.95,94.07,0.02,100.0,100.0,100.0,0.0,100.0,100.0,100.0,0.0
2021-06-08 06:00:02.337043,100.0,100.0,100.0,0.0,100.0,100.0,100.0,0.0,94.0,93.94,94.6,0.07,100.0,100.0,100.0,0.0,100.0,100.0,100.0,0.0
2021-06-08 17:30:02.721796,100.0,100.0,100.0,0.0,100.0,100.0,100.0,0.0,94.03,94.0,94.14,0.03,100.0,100.0,100.0,0.0,100.0,100.0,100.0,0.0
2021-06-09 06:00:04.479348,99.85,99.75,99.95,0.04,99.85,99.75,99.95,0.05,93.94,93.83,94.2,0.05,100.0,100.0,100.0,0.0,100.0,100.0,100.0,0.0
2021-06-11 17:30:03.138202,98.9,98.54,99.12,0.1,98.87,98.52,99.11,0.1,92.7,92.42,92.91,0.08,100.0,100.0,100.0,0.0,100.0,100.0,100.0,0.0
2021-06-12 06:00:03.232308,100.0,100.0,100.0,0.0,100.0,100.0,100.0,0.0,93.42,93.1,93.5,0.04,100.0,100.0,100.0,0.0,100.0,100.0,100.0,0.0
2021-06-12 17:30:03.685084,100.0,100.0,100.0,0.0,100.0,100.0,100.0,0.0,93.42,93.37,94.0,0.09,100.0,100.0,100.0,0.0,100.0,100.0,100.0,0.0
2021-06-13 06:00:02.733368,100.0,100.0,100.0,0.0,100.0,100.0,100.0,0.0,93.37,93.23,93.5,0.03,100.0,100.0,100.0,0.0,100.0,100.0,100.0,0.0
2021-06-13 17:30:03.114633,98.95,98.42,99.59,0.33,98.93,98.37,99.58,0.33,92.65,92.3,93.15,0.21,100.0,100.0,100.0,0.0,100.0,100.0,100.0,0.0
2021-06-14 06:00:02.360255,97.93,97.6,98.27,0.14,97.89,97.57,98.24,0.14,91.89,91.56,92.2,0.12,100.0,100.0,100.0,0.0,100.0,100.0,100.0,0.0
2021-06-14 17:30:02.437168,95.31,94.47,96.09,0.37,95.17,94.3,95.95,0.38,89.46,88.79,90.15,0.3,100.0,100.0,100.0,0.0,100.0,100.0,100.0,0.0
2021-06-15 06:00:04.526710,92.44,91.73,93.33,0.3,92.13,91.32,93.07,0.3,85.8,85.0,86.42,0.24,100.0,100.0,100.0,0.0,100.0,100.0,100.0,0.0
2021-06-15 17:30:02.478415,88.83,87.96,89.66,0.35,88.36,87.58,89.27,0.36,82.74,82.13,83.3,0.28,100.0,100.0,100.0,0.0,100.0,100.0,100.0,0.0
2021-06-16 06:00:04.523172,90.42,89.55,91.41,0.35,89.97,89.07,90.91,0.35,82.52,81.98,83.09,0.23,100.0,100.0,100.0,0.0,100.0,100.0,100.0,0.0
2021-06-17 06:00:03.290290,89.45,88.63,90.3,0.36,88.87,87.91,89.65,0.37,78.62,77.97,79.21,0.28,100.0,100.0,100.0,0.0,100.0,100.0,100.0,0.0
2021-06-18 17:30:03.596216,87.58,86.73,88.62,0.36,86.88,86.06,87.83,0.37,72.54,71.72,73.15,0.33,100.0,100.0,100.0,0.0,100.0,100.0,100.0,0.0
2021-06-19 06:00:03.842596,89.86,88.75,90.88,0.36,89.27,88.25,90.22,0.38,71.64,71.03,72.29,0.27,100.0,100.0,100.0,0.0,100.0,100.0,100.0,0.0
2021-06-19 17:30:03.118432,86.54,85.75,87.46,0.35,85.73,84.94,86.71,0.36,68.17,67.58,68.81,0.26,100.0,100.0,100.0,0.0,100.0,100.0,100.0,0.0
2021-06-20 06:00:03.482348,93.06,92.47,93.59,0.24,92.49,91.74,93.02,0.25,70.48,69.76,70.89,0.2,100.0,100.0,100.0,0.0,100.0,100.0,100.0,0.0
2021-06-20 17:30:03.228993,92.95,92.49,93.43,0.23,92.36,91.81,92.99,0.25,70.31,69.64,70.76,0.18,100.0,100.0,100.0,0.0,100.0,100.0,100.0,0.0
2021-06-21 06:00:03.054993,96.34,95.47,96.91,0.23,95.26,94.53,95.89,0.27,69.91,69.32,70.8,0.29,100.0,100.0,100.0,0.0,100.0,100.0,100.0,0.0
2021-06-21 17:30:03.909440,93.44,92.8,94.11,0.27,91.31,90.5,92.06,0.31,66.29,65.52,66.89,0.24,100.0,100.0,100.0,0.0,100.0,100.0,100.0,0.0
2021-06-22 06:00:02.516924,92.69,92.06,93.32,0.27,89.14,88.36,90.2,0.34,63.51,62.76,64.17,0.32,100.0,100.0,100.0,0.0,100.0,100.0,100.0,0.0
2021-06-22 17:30:03.156114,90.34,89.67,91.06,0.28,85.26,84.15,86.28,0.38,59.78,59.01,60.47,0.29,100.0,100.0,100.0,0.0,100.0,100.0,100.0,0.0
2021-06-23 06:00:03.042973,95.4,94.93,95.86,0.21,89.28,88.25,90.1,0.36,61.16,60.46,61.76,0.28,100.0,100.0,100.0,0.0,100.0,100.0,100.0,0.0
2021-06-23 17:30:03.961112,93.38,92.72,93.84,0.22,85.21,84.28,86.24,0.4,57.39,56.64,58.37,0.37,100.0,100.0,100.0,0.0,100.0,100.0,100.0,0.0
2021-06-24 06:00:04.048980,93.13,92.58,93.92,0.3,88.49,87.66,89.61,0.36,59.86,59.19,60.72,0.32,100.0,100.0,100.0,0.0,100.0,100.0,100.0,0.0
2021-06-24 17:30:03.397918,88.77,87.85,89.54,0.33,83.99,83.22,84.9,0.39,57.14,56.23,58.39,0.38,100.0,100.0,100.0,0.0,100.0,100.0,100.0,0.0
2021-06-25 17:30:03.620327,86.25,85.31,86.99,0.33,85.26,84.18,86.09,0.34,60.03,59.17,60.67,0.28,100.0,100.0,100.0,0.0,100.0,100.0,100.0,0.0
2021-06-26 06:00:02.707110,95.42,94.96,96.06,0.22,95.23,94.7,95.89,0.22,66.05,65.44,66.41,0.16,100.0,100.0,100.0,0.0,100.0,100.0,100.0,0.0
2021-06-26 17:30:02.495270,95.42,94.8,95.97,0.22,95.23,94.6,95.78,0.22,66.08,65.69,66.42,0.16,100.0,100.0,100.0,0.0,100.0,100.0,100.0,0.0
2021-06-27 06:00:02.838344,100.0,100.0,100.0,0.0,100.0,100.0,100.0,0.0,68.44,68.1,68.72,0.08,100.0,100.0,100.0,0.0,100.0,100.0,100.0,0.0
2021-06-27 17:30:03.008473,100.0,100.0,100.0,0.0,100.0,100.0,100.0,0.0,68.44,68.28,68.6,0.06,100.0,100.0,100.0,0.0,100.0,100.0,100.0,0.0
2021-06-28 06:00:02.599560,100.0,100.0,100.0,0.0,100.0,100.0,100.0,0.0,68.48,67.95,68.55,0.09,100.0,100.0,100.0,0.0,100.0,100.0,100.0,0.0
2021-06-29 06:00:03.742173,100.0,100.0,100.0,0.0,100.0,100.0,100.0,0.0,68.46,67.8,68.58,0.11,100.0,100.0,100.0,0.0,100.0,100.0,100.0,0.0
2021-06-30 06:00:02.704350,100.0,100.0,100.0,0.0,100.0,100.0,100.0,0.0,68.47,67.9,68.62,0.09,100.0,100.0,100.0,0.0,100.0,100.0,100.0,0.0
2021-06-30 17:30:05.075350,100.0,100.0,100.0,0.0,100.0,100.0,100.0,0.0,68.35,67.8,68.48,0.14,100.0,100.0,100.0,0.0,100.0,100.0,100.0,0.0
2021-07-01 06:00:03.749884,100.0,100.0,100.0,0.0,100.0,100.0,100.0,0.0,68.44,68.1,68.95,0.08,100.0,100.0,100.0,0.0,100.0,100.0,100.0,0.0
2021-07-01 17:30:02.739669,100.0,100.0,100.0,0.0,100.0,99.97,100.0,0.01,68.43,68.1,68.56,0.1,100.0,99.97,100.0,0.01,100.0,100.0,100.0,0.0
2021-07-02 06:00:03.022547,100.0,100.0,100.0,0.0,100.0,99.97,100.0,0.01,68.55,68.44,68.73,0.08,100.0,99.97,100.0,0.01,100.0,100.0,100.0,0.0
2021-07-02 17:30:03.461545,100.0,100.0,100.0,0.0,100.0,99.97,100.0,0.01,68.47,68.05,68.62,0.07,100.0,99.97,100.0,0.01,100.0,100.0,100.0,0.0
2021-07-03 06:00:03.320047,100.0,100.0,100.0,0.0,100.0,100.0,100.0,0.0,68.5,68.4,69.2,0.13,100.0,100.0,100.0,0.0,100.0,100.0,100.0,0.0
2021-07-03 17:30:03.024316,100.0,100.0,100.0,0.0,100.0,100.0,100.0,0.0,68.39,67.35,68.47,0.16,100.0,100.0,100.0,0.0,100.0,100.0,100.0,0.0
2021-07-04 06:00:03.864050,100.0,100.0,100.0,0.0,100.0,100.0,100.0,0.0,68.35,67.6,68.45,0.12,100.0,100.0,100.0,0.0,100.0,100.0,100.0,0.0
2021-07-04 17:30:04.121244,100.0,100.0,100.0,0.0,100.0,100.0,100.0,0.0,68.48,68.15,68.7,0.09,100.0,100.0,100.0,0.0,100.0,100.0,100.0,0.0
2021-07-05 06:00:03.158199,100.0,100.0,100.0,0.0,100.0,100.0,100.0,0.0,68.44,68.1,68.5,0.06,100.0,100.0,100.0,0.0,100.0,100.0,100.0,0.0
2021-07-05 17:30:03.275892,100.0,100.0,100.0,0.0,99.99,99.94,100.0,0.01,68.5,67.8,68.67,0.1,99.99,99.94,100.0,0.01,100.0,100.0,100.0,0.0
2021-07-06 06:00:03.310378,100.0,100.0,100.0,0.0,99.76,99.64,99.88,0.05,68.37,68.22,69.05,0.11,99.76,99.64,99.88,0.05,100.0,100.0,100.0,0.0
2021-07-06 17:30:03.953515,100.0,100.0,100.0,0.0,99.56,99.38,99.7,0.07,68.45,68.15,68.8,0.06,99.56,99.38,99.7,0.07,100.0,100.0,100.0,0.0
2021-07-08 06:00:02.974258,99.77,99.64,99.88,0.04,99.35,99.15,99.53,0.08,68.12,67.79,68.34,0.07,99.59,99.42,99.76,0.07,100.0,100.0,100.0,0.0
2021-07-09 06:00:02.724557,94.97,94.22,95.51,0.25,93.51,92.74,94.07,0.3,65.17,64.63,66.13,0.22,98.68,98.39,98.92,0.11,100.0,100.0,100.0,0.0
2021-07-10 06:00:02.987742,96.54,96.09,97.09,0.19,95.34,94.84,95.92,0.22,66.01,65.7,66.39,0.15,98.91,98.61,99.23,0.11,100.0,100.0,100.0,0.0
2021-07-10 17:30:03.232794,96.5,95.99,96.98,0.19,95.29,94.55,95.85,0.23,65.97,65.62,66.37,0.16,98.9,98.58,99.19,0.12,100.0,100.0,100.0,0.0
2021-07-11 06:00:02.678063,100.0,99.99,100.0,0.0,99.99,99.95,100.0,0.01,68.14,67.9,68.4,0.06,99.99,99.95,100.0,0.01,100.0,100.0,100.0,0.0
2021-07-12 06:00:02.941733,99.51,99.26,99.66,0.07,98.53,98.26,98.82,0.13,67.69,67.41,67.86,0.07,99.03,98.77,99.27,0.11,100.0,100.0,100.0,0.0
2021-07-12 17:30:03.235056,99.26,99.02,99.43,0.09,97.65,97.39,97.99,0.15,67.48,67.25,68.01,0.12,98.41,98.15,98.72,0.13,100.0,100.0,100.0,0.0
2021-07-14 06:00:03.273575,96.53,96.01,97.08,0.23,96.4,95.89,96.92,0.24,65.77,65.4,66.17,0.16,99.97,99.92,100.0,0.02,100.0,100.0,100.0,0.0
2021-07-15 06:00:03.471916,89.29,88.55,90.0,0.31,88.87,88.14,89.62,0.32,61.96,61.47,62.5,0.25,100.0,100.0,100.0,0.0,100.0,100.0,100.0,0.0
2021-07-15 17:30:02.740546,87.01,86.18,87.76,0.33,86.47,85.65,87.22,0.35,60.93,60.19,61.51,0.29,100.0,100.0,100.0,0.0,100.0,100.0,100.0,0.0
2021-07-16 06:00:03.219141,94.98,94.59,95.7,0.22,94.74,94.28,95.52,0.23,65.16,64.78,65.73,0.17,100.0,100.0,100.0,0.0,100.0,100.0,100.0,0.0
2021-07-16 17:30:03.514974,94.78,94.11,95.27,0.22,94.53,93.86,95.05,0.23,65.11,64.71,66.04,0.2,100.0,100.0,100.0,0.0,100.0,100.0,100.0,0.0
2021-07-18 17:30:04.709649,100.0,100.0,100.0,0.0,100.0,100.0,100.0,0.0,67.5,67.44,67.8,0.06,100.0,100.0,100.0,0.0,100.0,100.0,100.0,0.0
2021-07-19 06:00:05.323080,100.0,100.0,100.0,0.0,100.0,100.0,100.0,0.0,67.59,67.49,68.05,0.1,100.0,100.0,100.0,0.0,100.0,100.0,100.0,0.0
2021-07-19 17:30:03.260088,100.0,100.0,100.0,0.0,100.0,100.0,100.0,0.0,67.64,67.53,67.8,0.04,100.0,100.0,100.0,0.0,100.0,100.0,100.0,0.0
2021-07-20 17:30:03.400536,75.16,73.93,76.38,0.56,73.39,72.11,74.82,0.63,54.02,52.94,55.18,0.44,100.0,100.0,100.0,0.0,100.0,100.0,100.0,0.0
2021-07-22 06:00:03.757236,60.66,58.87,62.09,0.7,52.59,50.65,53.96,0.76,39.08,37.62,40.17,0.53,100.0,100.0,100.0,0.0,100.0,100.0,100.0,0.0
2021-07-22 17:30:03.369817,50.07,48.85,51.21,0.46,38.64,37.56,39.7,0.46,30.84,29.75,32.14,0.47,100.0,100.0,100.0,0.0,100.0,100.0,100.0,0.0
2021-07-23 06:00:03.380891,59.79,58.19,62.17,0.72,49.16,47.67,51.68,0.75,35.78,34.32,37.2,0.58,100.0,100.0,100.0,0.0,100.0,100.0,100.0,0.0
2021-07-23 17:30:03.024909,49.48,47.94,50.62,0.51,38.32,37.04,39.53,0.49,30.7,29.5,31.92,0.49,100.0,100.0,100.0,0.0,100.0,100.0,100.0,0.0
2021-07-24 06:00:04.078720,58.45,57.39,59.68,0.49,44.46,43.44,46.13,0.61,36.26,34.92,37.23,0.47,91.01,90.27,91.61,0.3,100.0,100.0,100.0,0.0
2021-07-24 17:30:03.686490,55.77,54.2,57.24,0.5,31.26,30.05,32.58,0.48,28.0,26.85,29.2,0.48,79.38,78.47,80.3,0.42,100.0,100.0,100.0,0.0
2021-07-25 06:00:04.378588,76.39,75.35,77.56,0.47,50.61,49.34,52.29,0.56,38.76,37.72,39.83,0.38,78.08,76.86,79.17,0.42,100.0,100.0,100.0,0.0
2021-07-26 06:00:04.707124,73.86,72.41,74.92,0.5,56.2,55.08,57.9,0.59,40.21,38.98,41.1,0.42,82.47,81.39,83.54,0.4,100.0,100.0,100.0,0.0
2021-07-26 17:30:03.250376,69.72,68.86,71.16,0.43,44.27,43.32,45.42,0.44,33.33,32.33,34.26,0.41,75.89,75.07,76.85,0.43,100.0,100.0,100.0,0.0
2021-07-27 06:00:02.638885,87.42,86.75,88.26,0.32,62.9,62.12,64.49,0.5,43.53,42.58,44.41,0.41,79.36,78.51,80.55,0.4,100.0,100.0,100.0,0.0
2021-07-27 17:30:02.936411,86.71,85.75,87.73,0.35,62.2,60.64,63.31,0.52,43.42,42.26,44.44,0.4,79.26,77.91,80.44,0.46,100.0,100.0,100.0,0.0
2021-07-28 06:00:02.929677,97.38,97.05,97.8,0.16,96.11,95.73,96.63,0.19,57.92,57.18,58.23,0.14,98.83,98.55,99.11,0.11,100.0,100.0,100.0,0.0
2021-07-28 17:30:02.814544,97.39,97.02,97.82,0.16,96.09,95.65,96.54,0.16,58.1,57.67,58.36,0.12,98.8,98.53,99.03,0.1,100.0,100.0,100.0,0.0
2021-07-29 06:00:02.850811,100.0,100.0,100.0,0.0,100.0,100.0,100.0,0.0,59.29,58.7,59.63,0.1,100.0,100.0,100.0,0.0,100.0,100.0,100.0,0.0
2021-07-29 17:30:03.230638,100.0,100.0,100.0,0.0,100.0,100.0,100.0,0.0,59.4,58.9,59.54,0.07,100.0,100.0,100.0,0.0,100.0,100.0,100.0,0.0
2021-07-30 06:00:03.269206,100.0,100.0,100.0,0.0,100.0,100.0,100.0,0.0,59.39,59.1,59.57,0.05,100.0,100.0,100.0,0.0,100.0,100.0,100.0,0.0
2021-07-31 06:00:03.865432,84.13,83.07,85.22,0.46,64.22,62.83,65.6,0.57,49.54,48.72,50.27,0.33,79.01,77.99,80.03,0.42,100.0,100.0,100.0,0.0
2021-08-01 06:00:02.975174,85.02,84.16,85.98,0.37,56.36,55.21,57.5,0.48,45.39,44.48,46.8,0.43,70.84,69.92,72.25,0.49,100.0,100.0,100.0,0.0
2021-08-01 17:30:03.130758,79.56,78.47,80.64,0.51,48.02,46.18,49.53,0.58,41.43,40.14,42.43,0.45,66.09,64.68,67.25,0.47,100.0,100.0,100.0,0.0
2021-08-02 06:00:03.541256,86.33,85.36,87.14,0.37,56.14,55.03,57.42,0.52,47.99,47.14,48.72,0.33,68.74,67.6,69.9,0.46,100.0,100.0,100.0,0.0
2021-08-02 17:30:03.891611,78.61,77.23,79.83,0.52,46.7,45.4,48.2,0.6,43.54,42.42,44.51,0.42,64.86,63.79,66.19,0.54,100.0,100.0,100.0,0.0
2021-08-03 06:00:04.062305,82.23,81.11,83.11,0.43,49.35,47.7,50.51,0.5,47.54,46.43,48.63,0.4,64.26,63.09,65.48,0.48,100.0,100.0,100.0,0.0
2021-08-03 17:30:03.963130,79.26,78.12,80.58,0.43,38.37,36.83,40.22,0.71,41.49,40.74,42.45,0.35,54.87,52.76,56.73,0.97,99.86,99.74,99.94,0.04
2021-08-04 06:00:03.016602,94.59,93.67,95.07,0.25,39.63,38.18,40.71,0.48,48.3,47.38,48.89,0.3,43.29,41.75,44.38,0.5,99.87,99.75,99.94,0.04
2021-08-04 17:30:03.416407,93.92,93.21,94.45,0.25,38.03,36.76,39.16,0.49,47.49,46.72,48.23,0.29,41.83,40.65,43.14,0.49,99.59,99.32,99.78,0.09
2021-08-05 06:00:02.982321,95.02,94.53,95.6,0.22,42.17,41.07,43.38,0.46,54.35,53.87,54.89,0.19,44.58,43.49,45.54,0.45,99.66,99.53,99.82,0.05
2021-08-05 17:30:02.746107,90.44,89.25,91.17,0.3,38.91,37.32,40.2,0.6,51.83,51.1,52.59,0.28,44.01,42.25,45.33,0.59,97.99,97.56,98.31,0.16
2021-08-06 06:00:03.117346,89.04,88.02,90.16,0.35,49.61,48.01,51.27,0.59,50.92,50.14,51.43,0.27,57.03,55.32,58.84,0.56,85.05,84.07,86.02,0.4
2021-08-06 17:30:03.915211,87.31,86.09,88.06,0.35,40.7,39.58,41.88,0.46,49.69,49.0,50.56,0.29,48.58,47.57,49.73,0.5,83.2,82.0,84.15,0.4
2021-08-07 06:00:02.405152,96.36,95.87,96.89,0.19,47.27,45.81,48.59,0.49,54.36,54.0,54.85,0.15,49.71,48.21,51.02,0.5,85.05,84.25,85.85,0.36
2021-08-07 17:30:04.144751,96.05,95.6,96.54,0.21,47.01,45.95,48.36,0.5,53.82,53.12,54.18,0.18,49.79,48.78,51.13,0.52,82.78,81.71,83.83,0.44
2021-08-08 06:00:02.303095,99.14,98.93,99.37,0.1,98.93,98.72,99.15,0.11,54.18,54.01,54.63,0.09,100.0,100.0,100.0,0.0,84.32,83.13,85.03,0.4
2021-08-08 17:30:03.221658,98.05,97.78,98.38,0.14,97.8,97.54,98.16,0.15,53.11,52.79,53.49,0.13,100.0,100.0,100.0,0.0,78.92,77.86,79.76,0.39
2021-08-09 06:00:02.485703,91.26,90.5,92.11,0.33,90.8,90.06,91.62,0.34,49.34,48.81,49.79,0.21,100.0,100.0,100.0,0.0,73.86,72.03,75.08,0.46
2021-08-09 17:30:02.624424,88.08,86.98,89.05,0.35,87.18,86.07,88.16,0.36,47.58,46.76,48.07,0.26,100.0,100.0,100.0,0.0,70.45,69.28,71.42,0.46
2021-08-10 06:00:02.770542,88.26,87.27,89.14,0.35,44.43,42.92,45.72,0.5,47.89,47.26,48.5,0.24,53.78,52.69,55.02,0.47,72.66,71.1,73.89,0.46
2021-08-10 17:30:03.685745,84.84,84.04,86.01,0.38,34.94,33.34,36.17,0.55,45.76,45.09,46.43,0.28,45.64,44.46,47.03,0.57,72.36,71.35,73.28,0.45
2021-08-11 07:39:14.570462,90.87,90.23,91.7,0.3,39.69,38.51,40.93,0.46,47.71,47.12,48.3,0.24,44.74,43.47,46.16,0.5,78.34,77.31,79.56,0.43
2021-08-11 17:30:03.237031,87.05,86.15,87.96,0.35,36.3,34.82,37.77,0.54,45.52,45.02,46.21,0.23,43.58,42.07,44.88,0.56,75.7,74.6,77.39,0.49
2021-08-12 06:00:04.034019,91.52,90.88,92.15,0.25,39.5,38.17,40.5,0.51,48.24,47.62,48.71,0.21,44.78,43.44,45.93,0.53,78.44,77.13,79.28,0.41
2021-08-13 06:00:04.030168,97.85,97.56,98.28,0.15,49.18,47.95,50.58,0.54,51.13,50.84,51.86,0.15,50.44,49.19,51.91,0.54,92.25,91.58,93.01,0.28
2021-08-13 17:30:03.224913,96.14,95.6,96.62,0.19,44.61,43.39,46.34,0.56,49.58,49.04,50.16,0.2,47.03,45.89,48.73,0.56,85.23,84.49,86.04,0.34
2021-08-14 06:00:02.399694,96.08,95.57,96.51,0.19,44.21,43.07,45.76,0.52,47.37,46.87,47.92,0.23,47.43,46.38,48.87,0.5,78.39,77.3,79.64,0.5
2021-08-14 17:30:02.803658,95.29,94.77,95.85,0.23,40.04,38.78,41.11,0.5,45.46,44.68,46.13,0.3,44.29,42.74,45.55,0.51,72.83,71.61,73.73,0.45
2021-08-15 06:00:03.613878,96.13,95.65,96.67,0.2,40.68,39.51,41.65,0.48,47.53,46.86,48.15,0.28,44.45,43.25,45.48,0.48,73.14,72.16,74.42,0.44
2021-08-15 17:30:02.819371,95.62,95.14,96.16,0.21,40.05,39.09,41.44,0.46,46.95,46.25,47.7,0.27,44.03,43.18,45.54,0.46,71.94,71.07,73.2,0.47
2021-08-16 06:00:02.671538,98.65,98.42,98.95,0.13,44.41,43.19,45.78,0.52,52.18,51.58,52.46,0.18,45.19,43.9,46.55,0.53,77.48,76.51,78.73,0.45
2021-08-16 17:30:03.254624,96.8,96.14,97.35,0.19,40.55,38.8,41.9,0.54,52.05,51.75,52.66,0.17,44.23,42.63,45.51,0.51,75.35,74.31,76.48,0.44
2021-08-17 06:00:03.068582,96.45,95.95,96.93,0.2,41.76,40.25,42.77,0.49,52.5,52.22,52.81,0.13,45.61,44.39,46.61,0.51,78.28,77.29,79.24,0.42
2021-08-20 06:00:03.228345,89.04,88.26,89.65,0.3,39.41,38.4,40.49,0.44,45.96,45.33,46.48,0.25,45.68,44.6,46.94,0.46,73.47,72.48,74.86,0.44
2021-08-20 17:30:03.687603,86.55,85.39,87.5,0.36,37.81,36.61,39.17,0.56,43.63,42.81,44.41,0.32,45.02,44.04,46.31,0.51,71.33,69.57,72.74,0.5
2021-08-21 06:00:03.450566,94.21,93.67,94.94,0.23,44.09,42.85,45.32,0.5,47.51,46.99,48.06,0.22,46.78,45.45,47.84,0.51,77.88,76.68,79.0,0.44
2021-08-21 17:30:03.034552,94.23,93.49,95.02,0.29,43.24,41.81,44.4,0.49,47.34,46.68,47.93,0.27,45.87,44.47,46.97,0.48,74.82,73.88,75.85,0.41
2021-08-22 06:00:03.290249,100.0,100.0,100.0,0.0,46.44,45.3,47.88,0.47,52.77,52.6,53.2,0.07,46.44,45.3,47.88,0.47,77.45,76.24,78.43,0.47
2021-08-22 17:30:03.400496,100.0,100.0,100.0,0.0,45.8,44.7,47.25,0.53,52.61,52.54,54.0,0.15,45.8,44.7,47.25,0.53,74.77,73.55,75.91,0.45
2021-08-23 06:00:03.328691,100.0,100.0,100.0,0.0,47.84,46.73,48.87,0.47,52.61,52.1,52.7,0.1,47.84,46.73,48.87,0.47,79.26,78.21,80.47,0.41
2021-08-23 17:30:03.835491,100.0,100.0,100.0,0.0,47.16,45.57,49.02,0.58,52.46,51.9,52.61,0.1,47.16,45.57,49.02,0.58,78.66,77.45,79.6,0.41
2021-08-24 06:00:03.430204,100.0,100.0,100.0,0.0,52.71,51.34,53.58,0.5,52.42,52.1,52.58,0.06,52.71,51.34,53.58,0.5,82.62,81.57,83.7,0.47
2021-08-24 17:30:03.752856,100.0,100.0,100.0,0.0,49.59,48.43,50.85,0.49,52.36,52.2,52.6,0.07,49.59,48.43,50.85,0.49,79.17,77.89,80.14,0.41
2021-08-25 06:00:04.653151,100.0,100.0,100.0,0.0,49.12,47.9,50.2,0.49,52.06,51.9,52.17,0.05,49.12,47.9,50.2,0.49,83.35,82.33,84.38,0.38
2021-08-25 17:30:03.744561,100.0,100.0,100.0,0.0,48.04,46.4,49.39,0.56,52.08,51.55,52.41,0.11,48.04,46.4,49.39,0.56,78.37,77.34,79.73,0.46
2021-08-26 06:00:04.321047,100.0,100.0,100.0,0.0,50.69,49.12,51.88,0.58,51.55,51.33,51.9,0.06,50.69,49.12,51.88,0.58,79.17,77.98,80.35,0.45
2021-08-26 17:30:02.242604,100.0,100.0,100.0,0.0,48.87,47.69,50.05,0.51,51.4,51.32,51.62,0.06,48.87,47.69,50.05,0.51,75.8,74.48,77.08,0.46
2021-08-27 06:00:03.766781,100.0,100.0,100.0,0.0,50.78,49.5,51.93,0.51,51.21,50.0,51.29,0.14,50.78,49.5,51.93,0.51,80.46,79.54,81.67,0.37
2021-08-27 17:30:04.009606,100.0,100.0,100.0,0.0,47.39,46.29,48.78,0.5,51.12,50.3,51.21,0.1,47.39,46.29,48.78,0.5,77.19,76.22,78.04,0.42
2021-08-28 06:00:02.727028,100.0,100.0,100.0,0.0,50.02,48.82,51.28,0.53,50.93,50.7,51.2,0.06,50.02,48.82,51.28,0.53,86.54,85.64,87.64,0.36
2021-08-28 17:30:04.320363,100.0,100.0,100.0,0.0,48.9,47.65,50.09,0.53,50.82,50.4,50.91,0.07,48.9,47.65,50.09,0.53,82.0,81.21,83.06,0.36
2021-08-29 06:00:03.522599,100.0,100.0,100.0,0.0,54.86,53.52,56.16,0.57,50.86,50.66,51.8,0.14,54.86,53.52,56.16,0.57,84.28,83.03,85.38,0.44
2021-08-29 17:30:03.948970,100.0,100.0,100.0,0.0,48.98,47.17,50.13,0.46,50.86,50.6,51.2,0.08,48.98,47.17,50.13,0.46,82.44,81.33,83.48,0.42
2021-08-30 06:00:03.331594,100.0,100.0,100.0,0.0,53.89,52.74,55.08,0.47,50.71,50.65,50.96,0.06,53.89,52.74,55.08,0.47,86.06,85.16,86.83,0.34
2021-08-30 17:30:03.203403,100.0,100.0,100.0,0.0,49.01,47.85,50.24,0.48,50.61,50.1,50.68,0.07,49.01,47.85,50.24,0.48,84.32,83.58,85.16,0.34
2021-08-31 06:00:03.355574,100.0,100.0,100.0,0.0,48.87,47.45,50.35,0.51,50.5,50.38,50.8,0.07,48.87,47.45,50.35,0.51,89.14,88.53,89.76,0.29
2021-08-31 17:30:03.587747,100.0,100.0,100.0,0.0,47.05,45.72,48.26,0.49,50.43,50.35,51.0,0.07,47.05,45.72,48.26,0.49,89.06,88.4,89.74,0.29
2021-09-01 06:00:03.205830,100.0,100.0,100.0,0.0,49.52,48.34,50.75,0.5,50.38,50.22,51.0,0.18,49.52,48.34,50.75,0.5,100.0,100.0,100.0,0.0
2021-09-01 17:30:02.883411,100.0,100.0,100.0,0.0,47.19,45.96,48.26,0.53,50.24,49.97,50.8,0.08,47.19,45.96,48.26,0.53,100.0,100.0,100.0,0.0
2021-09-02 06:00:03.389368,100.0,100.0,100.0,0.0,49.85,48.7,51.17,0.49,50.11,49.7,50.3,0.06,49.85,48.7,51.17,0.49,88.94,88.0,89.78,0.37
2021-09-02 17:30:03.051769,100.0,100.0,100.0,0.0,47.14,45.99,48.06,0.53,49.99,49.83,50.75,0.11,47.14,45.99,48.06,0.53,82.48,81.69,83.77,0.42
2021-09-03 06:00:02.699090,100.0,100.0,100.0,0.0,50.78,49.55,51.79,0.48,50.0,49.8,50.5,0.08,50.78,49.55,51.79,0.48,81.18,80.26,82.21,0.4
2021-09-03 17:30:03.697727,100.0,100.0,100.0,0.0,49.55,48.28,50.73,0.5,49.82,49.74,50.5,0.11,49.55,48.28,50.73,0.5,77.07,75.98,78.16,0.42
2021-09-04 06:00:03.247506,100.0,100.0,100.0,0.0,57.67,56.57,58.93,0.48,49.83,49.6,50.12,0.08,57.67,56.57,58.93,0.48,80.22,78.85,81.23,0.44
2021-09-04 17:30:04.863078,100.0,100.0,100.0,0.0,49.51,48.09,51.2,0.56,49.59,49.24,50.4,0.11,49.51,48.09,51.2,0.56,75.09,74.03,76.11,0.41
2021-09-05 06:00:03.277769,100.0,100.0,100.0,0.0,50.27,48.89,51.38,0.57,49.43,49.2,49.68,0.06,50.27,48.89,51.38,0.57,81.75,80.83,82.55,0.35
2021-09-05 17:30:03.247500,100.0,100.0,100.0,0.0,47.74,46.54,49.13,0.5,49.44,49.37,49.6,0.05,47.74,46.54,49.13,0.5,81.07,80.21,82.41,0.42
2021-09-06 06:00:02.555677,100.0,100.0,100.0,0.0,49.67,48.48,51.56,0.55,49.29,49.04,49.8,0.07,49.67,48.48,51.56,0.55,82.21,81.13,83.23,0.46
2021-09-06 17:30:04.418338,100.0,100.0,100.0,0.0,47.81,46.62,49.19,0.52,49.24,49.1,49.53,0.06,47.81,46.62,49.19,0.52,79.55,78.43,80.63,0.45
2021-09-07 06:00:02.374146,100.0,100.0,100.0,0.0,49.45,47.89,50.54,0.53,49.39,49.24,49.95,0.11,49.45,47.89,50.54,0.53,81.92,80.59,82.82,0.45
2021-09-07 17:30:04.603477,100.0,100.0,100.0,0.0,48.23,47.2,49.43,0.52,49.28,49.19,50.15,0.15,48.23,47.2,49.43,0.52,78.68,77.42,79.71,0.39
2021-09-08 06:00:02.536868,100.0,100.0,100.0,0.0,52.21,51.03,53.31,0.53,49.07,48.98,49.6,0.09,52.21,51.03,53.31,0.53,84.42,83.64,85.21,0.33
2021-09-08 17:30:02.895506,100.0,100.0,100.0,0.0,50.5,49.52,51.61,0.49,48.94,48.37,49.06,0.12,50.5,49.52,51.61,0.49,82.66,81.71,83.97,0.44
2021-09-09 06:00:02.969545,100.0,100.0,100.0,0.0,66.51,65.02,67.79,0.53,48.68,47.7,48.79,0.15,66.51,65.02,67.79,0.53,83.61,82.76,84.75,0.41
2021-09-09 17:30:03.139853,100.0,100.0,100.0,0.0,52.63,51.37,53.92,0.58,48.73,48.53,49.2,0.07,52.63,51.37,53.92,0.58,79.85,78.67,80.85,0.41
2021-09-10 06:00:03.288266,100.0,100.0,100.0,0.0,48.39,47.09,49.46,0.47,48.59,48.49,48.9,0.05,48.39,47.09,49.46,0.47,77.02,75.93,77.91,0.44
2021-09-10 17:30:03.454310,100.0,100.0,100.0,0.0,47.34,45.95,48.66,0.51,48.33,48.16,48.6,0.07,47.34,45.95,48.66,0.51,73.36,72.2,74.66,0.49
2021-09-11 06:00:02.798333,100.0,100.0,100.0,0.0,49.01,47.91,50.28,0.47,48.19,47.6,48.5,0.13,49.01,47.91,50.28,0.47,75.64,74.73,76.58,0.46
2021-09-11 17:30:02.508342,100.0,100.0,100.0,0.0,47.38,46.07,48.88,0.51,48.36,48.25,49.6,0.2,47.38,46.07,48.88,0.51,72.8,71.11,74.17,0.48
2021-09-12 06:00:03.563131,100.0,100.0,100.0,0.0,48.17,47.07,49.6,0.51,48.06,47.65,48.26,0.06,48.17,47.07,49.6,0.51,77.54,76.25,78.64,0.48
2021-09-12 17:30:03.537648,100.0,100.0,100.0,0.0,47.3,46.17,48.58,0.5,48.02,47.89,48.3,0.07,47.3,46.17,48.58,0.5,73.17,72.15,74.74,0.47
2021-09-13 06:00:03.609298,100.0,100.0,100.0,0.0,48.82,47.46,50.15,0.52,48.03,47.8,48.21,0.07,48.82,47.46,50.15,0.52,76.87,75.67,77.98,0.41
2021-09-13 17:30:02.834800,100.0,100.0,100.0,0.0,47.38,46.16,48.77,0.53,47.92,47.84,48.14,0.05,47.38,46.16,48.77,0.53,73.24,72.18,74.21,0.47
2021-09-14 06:00:03.832970,100.0,100.0,100.0,0.0,50.26,48.94,51.46,0.53,47.77,47.2,47.93,0.08,50.26,48.94,51.46,0.53,80.6,79.7,81.54,0.4
2021-09-14 17:30:04.381832,100.0,100.0,100.0,0.0,48.73,47.66,50.13,0.48,47.83,47.35,48.03,0.07,48.73,47.66,50.13,0.48,76.72,75.72,77.69,0.42
2021-09-15 06:00:07.340783,100.0,100.0,100.0,0.0,55.67,53.93,57.39,0.72,47.67,47.47,47.85,0.05,55.67,53.93,57.39,0.72,85.66,84.64,86.98,0.4
2021-09-15 17:30:04.368350,100.0,100.0,100.0,0.0,51.33,50.16,53.19,0.54,47.43,47.1,47.54,0.08,51.33,50.16,53.19,0.54,80.14,79.27,81.17,0.42
2021-09-16 06:00:04.622665,100.0,100.0,100.0,0.0,52.76,51.27,54.23,0.56,47.39,47.2,47.54,0.05,52.76,51.27,54.23,0.56,80.54,79.56,81.49,0.4
2021-09-21 17:30:04.605793,100.0,100.0,100.0,0.0,100.0,100.0,100.0,0.0,47.27,47.19,47.55,0.07,100.0,100.0,100.0,0.0,100.0,100.0,100.0,0.0
2021-09-22 06:00:02.776131,100.0,100.0,100.0,0.0,100.0,100.0,100.0,0.0,47.17,46.7,47.35,0.08,100.0,100.0,100.0,0.0,100.0,100.0,100.0,0.0
2021-09-22 17:30:02.710566,100.0,100.0,100.0,0.0,100.0,100.0,100.0,0.0,47.18,46.4,47.32,0.12,100.0,100.0,100.0,0.0,100.0,100.0,100.0,0.0
2021-09-23 06:00:03.140005,100.0,100.0,100.0,0.0,100.0,100.0,100.0,0.0,47.04,46.75,47.19,0.11,100.0,100.0,100.0,0.0,100.0,100.0,100.0,0.0
2021-09-24 06:00:03.545221,100.0,100.0,100.0,0.0,100.0,100.0,100.0,0.0,47.18,47.11,47.5,0.07,100.0,100.0,100.0,0.0,100.0,100.0,100.0,0.0
2021-09-24 17:30:02.509629,100.0,100.0,100.0,0.0,100.0,100.0,100.0,0.0,47.21,46.85,47.27,0.05,100.0,100.0,100.0,0.0,100.0,100.0,100.0,0.0
2021-09-25 06:00:02.878899,100.0,100.0,100.0,0.0,100.0,100.0,100.0,0.0,47.17,47.03,48.3,0.15,100.0,100.0,100.0,0.0,100.0,100.0,100.0,0.0
2021-09-25 17:30:03.628643,100.0,100.0,100.0,0.0,100.0,100.0,100.0,0.0,47.19,46.96,47.7,0.08,100.0,100.0,100.0,0.0,100.0,100.0,100.0,0.0
2021-09-26 06:00:02.808867,100.0,100.0,100.0,0.0,100.0,100.0,100.0,0.0,47.03,46.83,47.17,0.05,100.0,100.0,100.0,0.0,100.0,100.0,100.0,0.0
2021-09-26 17:30:06.055773,100.0,100.0,100.0,0.0,100.0,100.0,100.0,0.0,47.1,46.6,47.17,0.07,100.0,100.0,100.0,0.0,100.0,100.0,100.0,0.0
2021-09-27 06:00:02.878835,100.0,100.0,100.0,0.0,100.0,100.0,100.0,0.0,47.21,47.12,47.4,0.07,100.0,100.0,100.0,0.0,100.0,100.0,100.0,0.0
2021-09-27 17:30:05.616385,100.0,100.0,100.0,0.0,100.0,100.0,100.0,0.0,47.2,46.4,47.3,0.09,100.0,100.0,100.0,0.0,100.0,100.0,100.0,0.0
2021-09-28 06:00:04.125441,100.0,100.0,100.0,0.0,100.0,100.0,100.0,0.0,47.19,46.9,47.35,0.05,100.0,100.0,100.0,0.0,100.0,100.0,100.0,0.0
2021-09-28 17:30:06.126905,100.0,100.0,100.0,0.0,100.0,100.0,100.0,0.0,47.21,47.01,47.6,0.09,100.0,100.0,100.0,0.0,100.0,100.0,100.0,0.0
2021-09-29 06:00:05.013102,100.0,100.0,100.0,0.0,100.0,100.0,100.0,0.0,47.15,46.95,47.3,0.06,100.0,100.0,100.0,0.0,100.0,100.0,100.0,0.0
2021-09-29 17:30:03.648767,100.0,100.0,100.0,0.0,100.0,100.0,100.0,0.0,47.24,47.0,47.49,0.1,100.0,100.0,100.0,0.0,100.0,100.0,100.0,0.0
2021-09-30 06:00:03.716186,100.0,100.0,100.0,0.0,100.0,100.0,100.0,0.0,47.17,47.1,47.45,0.06,100.0,100.0,100.0,0.0,100.0,100.0,100.0,0.0
2021-09-30 17:30:06.184325,100.0,100.0,100.0,0.0,100.0,100.0,100.0,0.0,47.13,46.8,47.5,0.08,100.0,100.0,100.0,0.0,100.0,100.0,100.0,0.0
2021-10-01 06:00:02.769885,100.0,100.0,100.0,0.0,100.0,100.0,100.0,0.0,47.2,47.09,47.5,0.05,100.0,100.0,100.0,0.0,100.0,100.0,100.0,0.0
2021-10-01 17:30:06.226304,100.0,100.0,100.0,0.0,100.0,100.0,100.0,0.0,47.22,47.14,47.52,0.06,100.0,100.0,100.0,0.0,100.0,100.0,100.0,0.0
2021-10-02 06:00:03.421630,100.0,100.0,100.0,0.0,100.0,100.0,100.0,0.0,47.19,47.07,47.43,0.06,100.0,100.0,100.0,0.0,100.0,100.0,100.0,0.0
2021-10-02 17:30:03.902837,100.0,100.0,100.0,0.0,100.0,100.0,100.0,0.0,47.19,47.07,47.63,0.14,100.0,100.0,100.0,0.0,100.0,100.0,100.0,0.0
2021-10-03 06:00:02.893427,100.0,100.0,100.0,0.0,100.0,100.0,100.0,0.0,47.17,47.09,47.7,0.11,100.0,100.0,100.0,0.0,100.0,100.0,100.0,0.0
2021-10-03 17:30:14.264680,100.0,100.0,100.0,0.0,100.0,100.0,100.0,0.0,47.18,47.0,47.45,0.06,100.0,100.0,100.0,0.0,100.0,100.0,100.0,0.0
2021-10-04 06:00:03.580852,100.0,100.0,100.0,0.0,100.0,100.0,100.0,0.0,47.21,47.09,47.7,0.07,100.0,100.0,100.0,0.0,100.0,100.0,100.0,0.0
2021-10-04 17:30:06.107782,100.0,100.0,100.0,0.0,100.0,100.0,100.0,0.0,47.02,46.6,47.13,0.1,100.0,100.0,100.0,0.0,100.0,100.0,100.0,0.0
2021-10-05 06:00:03.867094,100.0,100.0,100.0,0.0,100.0,100.0,100.0,0.0,47.16,46.95,47.7,0.08,100.0,100.0,100.0,0.0,100.0,100.0,100.0,0.0
2021-10-05 17:30:04.201664,100.0,100.0,100.0,0.0,100.0,100.0,100.0,0.0,47.25,47.16,47.8,0.1,100.0,100.0,100.0,0.0,100.0,100.0,100.0,0.0
2021-10-06 06:00:03.828132,100.0,100.0,100.0,0.0,100.0,100.0,100.0,0.0,47.18,46.7,47.38,0.08,100.0,100.0,100.0,0.0,100.0,100.0,100.0,0.0
2021-10-06 17:30:06.406853,100.0,100.0,100.0,0.0,100.0,100.0,100.0,0.0,47.14,47.0,47.32,0.04,100.0,100.0,100.0,0.0,100.0,100.0,100.0,0.0
2021-10-07 06:00:02.777627,100.0,100.0,100.0,0.0,100.0,100.0,100.0,0.0,47.18,46.9,47.25,0.04,100.0,100.0,100.0,0.0,100.0,100.0,100.0,0.0
2021-10-07 17:30:05.343981,100.0,100.0,100.0,0.0,100.0,100.0,100.0,0.0,47.07,46.4,47.16,0.11,100.0,100.0,100.0,0.0,100.0,100.0,100.0,0.0
2021-10-08 06:00:03.803026,100.0,100.0,100.0,0.0,100.0,100.0,100.0,0.0,47.23,46.7,47.33,0.07,100.0,100.0,100.0,0.0,100.0,100.0,100.0,0.0
2021-10-08 17:30:05.767468,100.0,100.0,100.0,0.0,100.0,100.0,100.0,0.0,47.15,47.08,47.26,0.03,100.0,100.0,100.0,0.0,100.0,100.0,100.0,0.0
2021-10-09 06:00:05.654646,100.0,100.0,100.0,0.0,100.0,100.0,100.0,0.0,47.22,46.83,47.3,0.07,100.0,100.0,100.0,0.0,100.0,100.0,100.0,0.0
2021-10-09 17:30:07.006916,100.0,100.0,100.0,0.0,100.0,100.0,100.0,0.0,47.09,46.8,47.3,0.06,100.0,100.0,100.0,0.0,100.0,100.0,100.0,0.0
2021-10-10 06:00:03.136318,100.0,100.0,100.0,0.0,100.0,100.0,100.0,0.0,47.12,46.81,48.0,0.12,100.0,100.0,100.0,0.0,100.0,100.0,100.0,0.0
2021-10-10 17:30:03.563686,100.0,100.0,100.0,0.0,100.0,100.0,100.0,0.0,47.1,46.94,47.45,0.07,100.0,100.0,100.0,0.0,100.0,100.0,100.0,0.0
2021-10-11 06:00:03.141191,100.0,100.0,100.0,0.0,100.0,100.0,100.0,0.0,47.01,46.4,47.14,0.13,100.0,100.0,100.0,0.0,100.0,100.0,100.0,0.0
2021-10-11 17:30:02.440628,100.0,100.0,100.0,0.0,100.0,100.0,100.0,0.0,47.17,47.08,47.7,0.09,100.0,100.0,100.0,0.0,100.0,100.0,100.0,0.0
2021-10-12 06:00:03.239059,100.0,100.0,100.0,0.0,100.0,100.0,100.0,0.0,47.23,47.11,47.45,0.09,100.0,100.0,100.0,0.0,100.0,100.0,100.0,0.0
2021-10-12 17:30:02.679349,100.0,100.0,100.0,0.0,100.0,100.0,100.0,0.0,47.17,46.93,47.5,0.09,100.0,100.0,100.0,0.0,100.0,100.0,100.0,0.0
2021-10-13 06:00:04.115431,100.0,100.0,100.0,0.0,100.0,100.0,100.0,0.0,47.09,46.7,47.3,0.06,100.0,100.0,100.0,0.0,100.0,100.0,100.0,0.0
2021-10-13 17:30:07.267699,100.0,100.0,100.0,0.0,100.0,100.0,100.0,0.0,47.26,47.14,48.0,0.11,100.0,100.0,100.0,0.0,100.0,100.0,100.0,0.0
2021-10-14 06:00:03.649646,100.0,100.0,100.0,0.0,100.0,100.0,100.0,0.0,47.19,46.83,47.28,0.06,100.0,100.0,100.0,0.0,100.0,100.0,100.0,0.0
2021-10-14 17:30:03.892385,100.0,100.0,100.0,0.0,100.0,100.0,100.0,0.0,47.17,46.9,47.5,0.06,100.0,100.0,100.0,0.0,100.0,100.0,100.0,0.0
2021-10-15 06:00:04.693254,100.0,100.0,100.0,0.0,100.0,100.0,100.0,0.0,47.24,46.8,47.55,0.08,100.0,100.0,100.0,0.0,100.0,100.0,100.0,0.0
2021-10-15 17:30:07.682241,100.0,100.0,100.0,0.0,100.0,100.0,100.0,0.0,47.22,47.0,47.47,0.07,100.0,100.0,100.0,0.0,100.0,100.0,100.0,0.0
2021-10-16 06:00:04.150307,100.0,100.0,100.0,0.0,100.0,100.0,100.0,0.0,47.22,47.03,47.95,0.13,100.0,100.0,100.0,0.0,100.0,100.0,100.0,0.0
2021-10-16 17:30:03.623259,100.0,100.0,100.0,0.0,100.0,100.0,100.0,0.0,47.23,47.13,48.0,0.13,100.0,100.0,100.0,0.0,100.0,100.0,100.0,0.0
2021-10-17 06:00:02.839540,100.0,100.0,100.0,0.0,100.0,100.0,100.0,0.0,47.07,46.7,47.4,0.1,100.0,100.0,100.0,0.0,100.0,100.0,100.0,0.0
2021-10-17 17:30:04.386608,100.0,100.0,100.0,0.0,100.0,100.0,100.0,0.0,47.11,47.0,47.21,0.03,100.0,100.0,100.0,0.0,100.0,100.0,100.0,0.0
2021-10-18 06:00:04.009838,100.0,100.0,100.0,0.0,100.0,100.0,100.0,0.0,47.26,46.75,47.39,0.11,100.0,100.0,100.0,0.0,100.0,100.0,100.0,0.0
2021-10-18 17:30:04.655693,100.0,100.0,100.0,0.0,100.0,100.0,100.0,0.0,47.09,46.94,47.32,0.07,100.0,100.0,100.0,0.0,100.0,100.0,100.0,0.0
2021-10-19 06:00:04.665772,100.0,100.0,100.0,0.0,100.0,100.0,100.0,0.0,47.11,47.0,47.33,0.05,100.0,100.0,100.0,0.0,100.0,100.0,100.0,0.0
2021-10-19 17:30:04.237759,100.0,100.0,100.0,0.0,100.0,100.0,100.0,0.0,47.18,47.08,47.9,0.15,100.0,100.0,100.0,0.0,100.0,100.0,100.0,0.0
2021-10-20 06:00:06.636208,100.0,100.0,100.0,0.0,100.0,100.0,100.0,0.0,47.04,46.93,47.13,0.03,100.0,100.0,100.0,0.0,100.0,100.0,100.0,0.0
2021-10-20 17:30:06.881752,100.0,100.0,100.0,0.0,100.0,100.0,100.0,0.0,47.33,47.23,47.59,0.1,100.0,100.0,100.0,0.0,100.0,100.0,100.0,0.0
2021-10-21 06:00:03.263872,100.0,100.0,100.0,0.0,100.0,100.0,100.0,0.0,46.99,46.76,47.1,0.08,100.0,100.0,100.0,0.0,100.0,100.0,100.0,0.0
2021-10-21 17:30:03.462986,100.0,100.0,100.0,0.0,100.0,100.0,100.0,0.0,47.18,47.1,47.6,0.06,100.0,100.0,100.0,0.0,100.0,100.0,100.0,0.0
2021-10-22 06:00:02.732915,100.0,100.0,100.0,0.0,100.0,100.0,100.0,0.0,47.2,47.05,48.0,0.11,100.0,100.0,100.0,0.0,100.0,100.0,100.0,0.0
2021-10-22 17:30:03.274356,100.0,100.0,100.0,0.0,100.0,100.0,100.0,0.0,47.16,46.8,47.25,0.09,100.0,100.0,100.0,0.0,100.0,100.0,100.0,0.0
2021-10-23 06:00:03.307302,100.0,100.0,100.0,0.0,100.0,100.0,100.0,0.0,47.22,46.75,47.32,0.1,100.0,100.0,100.0,0.0,100.0,100.0,100.0,0.0
2021-10-23 17:30:03.256952,100.0,100.0,100.0,0.0,100.0,100.0,100.0,0.0,47.33,47.19,47.68,0.11,100.0,100.0,100.0,0.0,100.0,100.0,100.0,0.0
2021-10-24 06:00:02.696096,100.0,100.0,100.0,0.0,100.0,100.0,100.0,0.0,47.18,46.8,47.4,0.07,100.0,100.0,100.0,0.0,100.0,100.0,100.0,0.0
2021-10-24 17:30:02.527296,100.0,100.0,100.0,0.0,100.0,100.0,100.0,0.0,47.02,46.6,47.11,0.11,100.0,100.0,100.0,0.0,100.0,100.0,100.0,0.0
2021-10-25 06:00:03.192484,100.0,100.0,100.0,0.0,100.0,100.0,100.0,0.0,47.17,46.95,47.32,0.06,100.0,100.0,100.0,0.0,100.0,100.0,100.0,0.0
2021-10-25 17:30:02.594525,100.0,100.0,100.0,0.0,100.0,100.0,100.0,0.0,46.99,46.83,47.2,0.06,100.0,100.0,100.0,0.0,100.0,100.0,100.0,0.0
2021-10-26 06:00:03.468587,100.0,100.0,100.0,0.0,100.0,100.0,100.0,0.0,47.19,47.04,47.4,0.04,100.0,100.0,100.0,0.0,100.0,100.0,100.0,0.0
2021-10-26 17:30:06.291821,100.0,100.0,100.0,0.0,100.0,100.0,100.0,0.0,47.22,46.9,47.45,0.06,100.0,100.0,100.0,0.0,100.0,100.0,100.0,0.0
2021-10-27 06:00:03.283725,100.0,100.0,100.0,0.0,100.0,100.0,100.0,0.0,46.99,46.55,47.09,0.1,100.0,100.0,100.0,0.0,100.0,100.0,100.0,0.0
2021-10-27 17:30:02.660982,100.0,100.0,100.0,0.0,100.0,100.0,100.0,0.0,47.22,47.1,47.53,0.06,100.0,100.0,100.0,0.0,100.0,100.0,100.0,0.0
2021-10-28 06:00:03.228600,100.0,100.0,100.0,0.0,100.0,100.0,100.0,0.0,47.24,47.15,47.8,0.1,100.0,100.0,100.0,0.0,100.0,100.0,100.0,0.0
2021-10-28 17:30:03.526255,100.0,100.0,100.0,0.0,100.0,100.0,100.0,0.0,47.26,47.03,47.4,0.05,100.0,100.0,100.0,0.0,100.0,100.0,100.0,0.0
2021-10-29 06:00:02.704077,100.0,100.0,100.0,0.0,100.0,100.0,100.0,0.0,47.18,47.03,47.4,0.04,100.0,100.0,100.0,0.0,100.0,100.0,100.0,0.0
2021-10-29 17:30:03.164418,100.0,100.0,100.0,0.0,100.0,100.0,100.0,0.0,47.11,46.6,47.2,0.08,100.0,100.0,100.0,0.0,100.0,100.0,100.0,0.0
2021-10-30 06:00:02.865059,100.0,100.0,100.0,0.0,100.0,100.0,100.0,0.0,47.15,47.0,47.24,0.03,100.0,100.0,100.0,0.0,100.0,100.0,100.0,0.0
2021-10-30 17:30:02.375628,100.0,100.0,100.0,0.0,100.0,100.0,100.0,0.0,47.05,46.6,47.15,0.09,100.0,100.0,100.0,0.0,100.0,100.0,100.0,0.0
2021-10-31 06:00:03.091509,100.0,100.0,100.0,0.0,100.0,100.0,100.0,0.0,47.17,46.8,47.27,0.09,100.0,100.0,100.0,0.0,100.0,100.0,100.0,0.0
2021-10-31 17:30:05.612371,100.0,100.0,100.0,0.0,100.0,100.0,100.0,0.0,47.12,46.7,47.57,0.08,100.0,100.0,100.0,0.0,100.0,100.0,100.0,0.0
2021-11-01 06:00:03.027311,100.0,100.0,100.0,0.0,100.0,100.0,100.0,0.0,47.24,47.17,47.5,0.07,100.0,100.0,100.0,0.0,100.0,100.0,100.0,0.0
2021-11-01 17:30:04.517591,100.0,100.0,100.0,0.0,100.0,100.0,100.0,0.0,47.03,46.78,47.2,0.07,100.0,100.0,100.0,0.0,100.0,100.0,100.0,0.0
2021-11-02 06:00:03.007884,100.0,100.0,100.0,0.0,100.0,100.0,100.0,0.0,46.95,46.3,47.07,0.14,100.0,100.0,100.0,0.0,100.0,100.0,100.0,0.0
2021-11-02 17:30:04.121335,100.0,100.0,100.0,0.0,100.0,100.0,100.0,0.0,47.14,46.7,47.22,0.08,100.0,100.0,100.0,0.0,100.0,100.0,100.0,0.0
2021-11-03 06:00:02.969150,100.0,100.0,100.0,0.0,100.0,100.0,100.0,0.0,47.08,46.92,47.35,0.08,100.0,100.0,100.0,0.0,100.0,100.0,100.0,0.0
2021-11-03 17:30:02.976227,100.0,100.0,100.0,0.0,100.0,100.0,100.0,0.0,47.21,47.09,47.5,0.06,100.0,100.0,100.0,0.0,100.0,100.0,100.0,0.0
2021-11-04 06:00:03.962406,100.0,100.0,100.0,0.0,100.0,100.0,100.0,0.0,47.23,47.15,47.85,0.1,100.0,100.0,100.0,0.0,100.0,100.0,100.0,0.0
2021-11-04 17:30:03.731203,100.0,100.0,100.0,0.0,100.0,100.0,100.0,0.0,47.17,46.83,47.25,0.07,100.0,100.0,100.0,0.0,100.0,100.0,100.0,0.0
2021-11-05 06:00:03.514958,100.0,100.0,100.0,0.0,100.0,100.0,100.0,0.0,47.08,46.97,47.42,0.07,100.0,100.0,100.0,0.0,100.0,100.0,100.0,0.0
2021-11-05 17:30:03.469720,100.0,100.0,100.0,0.0,100.0,100.0,100.0,0.0,47.09,47.03,47.3,0.03,100.0,100.0,100.0,0.0,100.0,100.0,100.0,0.0
2021-11-06 06:00:02.927530,100.0,100.0,100.0,0.0,100.0,100.0,100.0,0.0,47.09,46.7,47.16,0.07,100.0,100.0,100.0,0.0,100.0,100.0,100.0,0.0
2021-11-06 17:30:02.781696,100.0,100.0,100.0,0.0,100.0,100.0,100.0,0.0,47.11,46.76,47.4,0.1,100.0,100.0,100.0,0.0,100.0,100.0,100.0,0.0
2021-11-07 06:00:03.353736,100.0,100.0,100.0,0.0,100.0,100.0,100.0,0.0,47.02,46.76,47.1,0.06,100.0,100.0,100.0,0.0,100.0,100.0,100.0,0.0
2021-11-07 17:30:06.731732,100.0,100.0,100.0,0.0,100.0,100.0,100.0,0.0,47.2,47.14,47.35,0.05,100.0,100.0,100.0,0.0,100.0,100.0,100.0,0.0
2021-11-08 06:00:03.903048,100.0,100.0,100.0,0.0,100.0,100.0,100.0,0.0,47.09,46.7,47.2,0.1,100.0,100.0,100.0,0.0,100.0,100.0,100.0,0.0
2021-11-08 17:30:02.917175,100.0,100.0,100.0,0.0,100.0,100.0,100.0,0.0,47.29,47.22,47.6,0.07,100.0,100.0,100.0,0.0,100.0,100.0,100.0,0.0
